,Game,Date,Home,Opp,Rslt,PA,AB,R,H,2B,3B,HR,RBI,BB,IBB,SO,HBP,SH,SF,ROE,GDP,SB,CS,BA,OBP,SLG,OPS,LOB,NumPlayers,Thr,OppStart
0,1,Jul 24,False,PHI,"W,5-2",38,34,5,9,2,0,1,4,3,0,9,0,0,1,0,0,1,1,0.265,0.316,0.412,0.728,6,10,R,A.Nola(48)
1,2,Jul 25,False,PHI,"L,1-7",32,29,1,6,1,0,0,1,3,0,7,0,0,0,0,4,0,0,0.238,0.3,0.333,0.633,4,9,R,Z.Wheeler(65)
2,3,Jul 26,False,PHI,"W,11-6",44,38,11,12,1,2,4,11,4,0,8,2,0,0,1,0,0,0,0.267,0.342,0.495,0.837,6,9,R,V.Velasquez(39)
3,4,Aug 4,False,BAL,"W,4-0",35,33,4,6,1,0,2,3,2,0,6,0,0,0,0,1,1,0,0.246,0.315,0.47,0.786,4,10,L,J.Means(60)
4,5,Aug 5 (1),False,BAL,"W,1-0",29,25,1,2,0,0,1,1,4,0,11,0,0,0,2,0,0,0,0.22,0.298,0.428,0.725,7,10,R,A.Cobb(63)
5,6,Aug 5 (2),False,BAL,"W,2-1",23,21,2,4,1,0,0,2,1,0,4,0,0,1,0,0,1,0,0.217,0.289,0.406,0.694,3,10,R,A.Wojciechowski(54)
6,7,Aug 6,False,BAL,"W,8-7",38,33,8,11,2,1,1,7,1,0,6,2,0,2,0,0,2,0,0.235,0.301,0.427,0.728,6,10,L,W.LeBlanc(22)
7,8,Aug 7,False,NYM,"W,4-3",37,33,4,7,3,0,1,4,4,0,16,0,0,0,0,0,1,1,0.232,0.301,0.423,0.723,6,10,R,M.Wacha(46)
8,9,Aug 8,False,NYM,"L,4-8",40,33,4,8,0,0,1,4,7,0,9,0,0,0,0,2,0,0,0.233,0.31,0.412,0.722,9,10,L,D.Peterson(51)
9,10,Aug 9,False,NYM,"L,2-4",39,35,2,9,1,0,1,2,4,0,12,0,0,0,1,2,2,0,0.236,0.313,0.408,0.72,10,9,R,J.deGrom(49)
10,11,Aug 11,False,TOR,"L,4-5",38,34,4,4,1,0,2,4,4,1,9,0,0,0,1,1,1,0,0.224,0.303,0.399,0.702,5,10,L,H.Ryu(69)
11,12,Aug 12,False,TOR,"W,14-11",50,43,14,14,0,0,1,11,6,0,13,0,1,0,2,0,4,0,0.235,0.314,0.399,0.713,7,12,R,N.Pearson(22)
12,13,Aug 14,True,ATL,"W,8-2",42,32,8,10,2,0,0,7,8,0,5,0,1,1,1,1,4,0,0.241,0.325,0.397,0.722,10,10,R,K.Wright(38)
13,14,Aug 15,True,ATL,"L,1-2",34,31,1,6,2,0,1,1,3,0,10,0,0,0,1,1,1,1,0.238,0.321,0.394,0.715,6,12,L,M.Fried(69)
14,15,Aug 16,True,ATL,"L,0-4",28,27,0,2,0,0,0,0,1,0,11,0,0,0,0,2,1,0,0.229,0.31,0.376,0.686,1,10,L,R.Erlin(65)
15,16,Aug 17,True,NYM,"L,4-11",46,38,4,11,2,0,1,4,7,0,11,1,0,0,0,0,1,0,0.233,0.318,0.38,0.698,15,12,R,R.Gsellman(44)
16,17,Aug 18,True,NYM,"L,3-8",38,37,3,11,3,0,0,3,0,0,10,1,0,0,0,0,1,0,0.237,0.318,0.379,0.697,8,10,R,C.Oswalt(49)
17,18,Aug 19,True,NYM,"L,3-5",39,35,3,7,0,0,0,2,3,0,12,1,0,0,1,0,0,0,0.235,0.316,0.369,0.685,9,11,R,J.deGrom(71)
18,19,Aug 21,False,WSN,"W,3-2",38,35,3,9,2,0,1,3,3,0,14,0,0,0,0,0,0,1,0.236,0.316,0.371,0.686,8,9,L,P.Corbin(52)
19,20,Aug 22 (1),False,WSN,"L,4-5",31,28,4,7,1,0,1,4,2,0,8,1,0,0,0,0,1,0,0.237,0.316,0.372,0.688,6,9,R,M.Scherzer(37)
20,21,Aug 22 (2),False,WSN,"W,5-3",31,26,5,8,0,0,1,4,4,0,4,0,0,1,1,0,0,1,0.24,0.319,0.374,0.693,8,11,R,W.Crowe(37)
21,22,Aug 23,False,WSN,"L,3-9",34,34,3,9,1,0,1,3,0,0,8,0,0,0,0,2,0,0,0.241,0.317,0.374,0.691,4,12,R,A.Sánchez(68)
22,23,Aug 24,False,WSN,"W,11-8",50,43,11,17,2,0,1,11,6,0,9,1,0,0,0,1,1,0,0.25,0.326,0.382,0.708,12,9,R,A.Voth(25)
23,24,Aug 25 (1),False,NYM,"W,4-0",29,27,4,6,2,0,0,4,1,0,7,1,0,0,0,0,1,0,0.249,0.325,0.379,0.703,4,10,R,R.Porcello(37)
24,25,Aug 25 (2),False,NYM,"W,3-0",23,20,3,2,1,0,0,2,2,0,6,1,0,0,0,0,3,0,0.245,0.322,0.373,0.695,2,11,R,S.Lugo(64)
25,26,Aug 26,False,NYM,"L,4-5",36,31,4,6,1,0,0,4,5,0,16,0,0,0,0,1,0,1,0.243,0.321,0.368,0.689,5,11,R,J.deGrom(81)
26,27,Aug 28,True,TBR,"L,0-2",33,31,0,5,2,0,0,0,1,0,7,1,0,0,0,0,0,1,0.24,0.318,0.363,0.68,6,10,L,R.Yarbrough(71)
27,28,Aug 29,True,TBR,"L,0-4",30,29,0,3,1,0,0,0,1,0,11,0,0,0,0,0,0,1,0.236,0.312,0.355,0.667,3,9,L,J.Fleming(68)
28,29,Aug 30,True,TBR,"L,7-12",40,34,7,9,2,0,3,7,5,0,8,1,0,0,0,1,0,1,0.237,0.314,0.364,0.678,6,10,L,B.Snell(54)
29,30,Aug 31,False,NYM,"W,5-3",38,35,5,8,2,0,2,5,3,0,13,0,0,0,1,0,4,1,0.237,0.314,0.367,0.681,6,11,R,J.deGrom(57)
30,31,Sep 1,True,TOR,"W,3-2",32,30,3,7,3,0,2,3,2,0,10,0,0,0,1,1,0,1,0.236,0.313,0.372,0.685,5,11,R,J.Merryweather(58)
31,32,Sep 2,True,TOR,"L,1-2",37,33,1,6,1,0,0,1,3,0,9,1,0,0,0,1,0,0,0.235,0.311,0.367,0.678,9,11,L,H.Ryu(64)
32,33,Sep 4,False,TBR,"L,4-5",37,35,4,8,2,0,2,4,2,0,8,0,0,0,0,1,0,0,0.234,0.31,0.37,0.68,6,11,L,J.Fleming(39)
33,34,Sep 5,False,TBR,"W,7-3",40,35,7,8,2,0,1,5,5,0,10,0,0,0,0,0,0,0,0.234,0.311,0.37,0.681,6,10,L,B.Snell(42)
34,35,Sep 6,False,TBR,"L,4-5",41,36,4,8,1,1,1,4,5,0,12,0,0,0,0,1,1,2,0.234,0.311,0.371,0.681,8,14,R,T.Glasnow(54)
35,36,Sep 7,False,ATL,"W,5-4",47,39,5,9,3,0,0,5,7,2,7,0,1,0,1,0,0,0,0.234,0.312,0.369,0.681,13,13,R,I.Anderson(49)
36,37,Sep 8,False,ATL,"W,8-0",43,39,8,13,1,0,3,7,3,0,9,1,0,0,0,2,2,0,0.237,0.315,0.376,0.69,8,11,R,K.Wright(30)
37,38,Sep 9,False,ATL,"L,9-29",43,38,9,13,3,1,2,9,4,0,7,0,0,1,0,1,0,0,0.24,0.317,0.384,0.701,7,10,L,T.Milone(14)
38,39,Sep 10,True,PHI,"W,7-6",45,36,7,11,3,0,0,7,8,1,6,0,0,1,0,0,2,0,0.242,0.32,0.384,0.704,12,10,R,J.Arrieta(46)
39,40,Sep 11 (1),True,PHI,"L,0-11",25,23,0,3,0,0,0,0,0,0,10,2,0,0,0,1,1,0,0.24,0.318,0.379,0.698,4,12,R,A.Nola(81)
40,41,Sep 11 (2),True,PHI,"W,5-3",30,28,5,10,0,0,1,5,2,0,5,0,0,0,0,0,1,0,0.243,0.32,0.381,0.701,7,11,R,B.Parker(59)
41,42,Sep 12,True,PHI,"L,6-12",37,34,6,10,2,0,2,5,3,0,8,0,0,0,0,2,0,0,0.244,0.321,0.385,0.705,4,11,R,S.Howard(48)
42,43,Sep 13 (1),True,PHI,"W,2-1",26,22,2,4,0,0,0,2,3,0,10,1,0,0,0,0,0,0,0.243,0.321,0.381,0.702,6,10,R,R.Rosso(45)
43,44,Sep 13 (2),True,PHI,"W,8-1",31,28,8,12,4,0,1,8,3,0,5,0,0,0,0,1,0,0,0.246,0.324,0.387,0.711,5,11,R,Z.Eflin(32)
44,45,Sep 14,True,PHI,"W,6-2",35,33,6,9,3,0,2,6,2,0,12,0,0,0,0,0,0,0,0.247,0.324,0.391,0.714,5,12,R,V.Velasquez(35)
45,46,Sep 15,True,BOS,"L,0-2",33,30,0,4,1,0,0,0,3,0,11,0,0,0,0,0,0,0,0.245,0.321,0.386,0.708,6,9,R,T.Houck(67)
46,47,Sep 16,True,BOS,"W,8-4",36,33,8,9,2,0,3,8,3,0,8,0,0,0,0,0,1,0,0.245,0.322,0.391,0.713,4,10,L,M.Kickham(23)
47,48,Sep 17,True,BOS,"L,3-5",37,35,3,7,2,0,0,3,1,0,12,1,0,0,1,0,1,0,0.244,0.32,0.388,0.708,7,11,R,N.Eovaldi(70)
48,49,Sep 18 (1),True,WSN,"L,0-5",26,23,0,2,0,0,0,0,2,0,7,1,0,0,1,0,2,1,0.242,0.318,0.384,0.702,5,9,R,E.Fedde(74)
49,50,Sep 18 (2),True,WSN,"W,14-3",38,31,14,12,1,0,4,14,5,0,6,2,0,0,0,1,1,0,0.245,0.322,0.392,0.714,6,10,R,W.Crowe(26)
50,51,Sep 19,True,WSN,"W,7-3",40,38,7,15,3,0,2,7,2,1,9,0,0,0,1,1,2,0,0.248,0.324,0.397,0.722,9,10,L,P.Corbin(23)
51,52,Sep 20 (1),True,WSN,"W,2-1",27,25,2,5,0,0,0,0,2,1,7,0,0,0,2,0,1,0,0.248,0.323,0.394,0.718,7,11,R,M.Scherzer(59)
52,53,Sep 20 (2),True,WSN,"L,0-15",26,23,0,2,1,0,0,0,3,0,5,0,0,0,0,0,0,0,0.245,0.321,0.391,0.712,5,10,L,B.Braymer(66)
53,54,Sep 21,False,ATL,"L,4-5",41,34,4,9,1,0,0,4,6,0,8,1,0,0,0,1,3,0,0.246,0.323,0.389,0.712,10,11,R,H.Ynoa(37)
54,55,Sep 22,False,ATL,"L,1-11",36,34,1,10,0,0,1,1,2,0,10,0,0,0,0,2,0,0,0.247,0.323,0.389,0.712,8,12,R,B.Wilson(67)
55,56,Sep 23,False,ATL,"L,4-9",34,33,4,7,1,0,2,4,1,0,10,0,0,0,0,1,0,0,0.246,0.322,0.39,0.711,3,9,L,M.Fried(39)
56,57,Sep 24,False,ATL,"W,4-2",40,38,4,9,1,0,1,4,2,0,10,0,0,0,3,0,1,0,0.246,0.321,0.389,0.709,9,12,R,I.Anderson(55)
57,58,Sep 25,False,NYY,"W,4-3",40,33,4,3,0,0,1,4,2,0,7,1,2,1,2,0,0,0,0.243,0.318,0.385,0.703,7,12,L,J.Happ(50)
58,59,Sep 26,False,NYY,"L,4-11",41,37,4,10,1,0,0,4,3,0,12,0,1,0,1,0,1,0,0.244,0.318,0.383,0.701,10,9,R,D.García(50)
59,60,Sep 27,False,NYY,"W,5-0",40,35,5,9,1,0,2,5,4,0,7,1,0,0,0,1,0,0,0.244,0.319,0.384,0.703,8,10,R,C.Schmidt(44)
60,1,Apr 1,True,TBR,"L,0-1",31,30,0,3,0,0,0,0,1,0,9,0,0,0,0,0,1,0,0.1,0.129,0.1,0.229,4,15,R,T.Glasnow(76)
61,2,Apr 2,True,TBR,"L,4-6",39,36,4,10,2,1,0,3,3,0,7,0,0,0,0,0,1,0,0.197,0.243,0.258,0.5,8,17,L,R.Yarbrough(64)
62,3,Apr 3,True,TBR,"W,12-7",42,35,12,14,4,1,2,11,5,0,10,0,0,2,1,1,4,0,0.267,0.321,0.426,0.747,6,18,L,R.Hill(38)
63,4,Apr 5,True,STL,"L,1-4",35,31,1,5,1,0,0,1,1,0,6,2,0,1,0,0,0,0,0.242,0.299,0.371,0.671,7,15,R,D.Ponce de Leon(59)
64,5,Apr 6,True,STL,"L,2-4",40,32,2,7,1,0,0,1,6,0,10,1,0,1,1,2,1,0,0.238,0.31,0.348,0.658,11,15,R,J.Gant(53)
65,6,Apr 7,True,STL,"L,0-7",34,29,0,3,1,0,0,0,5,0,9,0,0,0,0,0,0,1,0.218,0.299,0.316,0.615,7,14,R,J.Flaherty(72)
66,7,Apr 8,False,NYM,"L,2-3",34,31,2,5,1,0,0,2,3,0,7,0,0,0,0,0,0,1,0.21,0.29,0.299,0.589,5,16,R,T.Walker(58)
67,8,Apr 10,False,NYM,"W,3-0",35,34,3,8,3,0,1,3,1,0,15,0,0,0,0,0,1,0,0.213,0.286,0.314,0.6,5,14,R,J.deGrom(82)
68,9,Apr 11 susp,False,NYM,"L,5-6",43,36,5,10,3,0,0,5,4,0,12,2,1,0,1,1,4,0,0.221,0.298,0.32,0.618,11,21,R,M.Stroman(49)
69,10,Apr 12,False,ATL,"W,5-3",43,37,5,8,4,0,1,5,6,0,11,0,0,0,0,0,0,1,0.221,0.301,0.329,0.631,9,15,R,H.Ynoa(71)
70,11,Apr 13,False,ATL,"W,14-8",49,44,14,17,5,0,3,14,3,0,8,2,0,0,0,0,0,0,0.24,0.318,0.373,0.692,8,17,L,M.Fried(15)
71,12,Apr 14,False,ATL,"W,6-5",42,36,6,9,2,0,1,6,5,0,18,1,0,0,0,2,2,0,0.241,0.322,0.375,0.697,7,16,R,C.Morton(45)
72,13,Apr 15,False,ATL,"L,6-7",41,35,6,9,3,0,1,6,5,0,10,0,1,0,0,0,0,0,0.242,0.324,0.379,0.703,8,16,R,I.Anderson(45)
73,14,Apr 16,True,SFG,"W,4-1",32,31,4,7,1,0,2,4,1,0,6,0,0,0,0,0,0,0,0.241,0.32,0.384,0.703,4,16,R,A.DeSclafani(64)
74,15,Apr 17,True,SFG,"W,7-6",53,44,7,15,3,1,0,7,6,0,10,3,0,0,0,0,2,0,0.25,0.332,0.39,0.721,18,17,R,A.Sanchez(52)
75,16,Apr 18,True,SFG,"L,0-1",29,29,0,4,0,0,0,0,0,0,9,0,0,0,0,0,0,1,0.244,0.323,0.376,0.699,2,15,L,A.Wood(63)
76,17,Apr 20,True,BAL,"L,5-7",42,38,5,11,0,1,0,5,3,0,11,0,0,1,1,0,0,0,0.247,0.323,0.374,0.697,10,19,R,M.Harvey(43)
77,18,Apr 21,True,BAL,"W,3-0",34,30,3,9,1,0,0,3,3,0,7,0,1,0,0,1,1,0,0.249,0.325,0.372,0.697,7,11,L,B.Zimmermann(42)
78,19,Apr 22,False,SFG,"L,0-3",29,27,0,2,0,0,0,0,1,0,8,1,0,0,0,2,0,0,0.242,0.318,0.36,0.677,2,14,R,A.Sanchez(65)
79,20,Apr 23,False,SFG,"L,3-5",31,30,3,3,0,0,2,3,1,0,10,0,0,0,1,1,0,0,0.236,0.31,0.357,0.667,1,15,L,A.Wood(77)
80,21,Apr 24,False,SFG,"W,5-2",36,33,5,6,0,1,2,5,2,0,12,0,0,1,0,0,0,0,0.233,0.306,0.36,0.666,4,15,R,K.Gausman(84)
81,22,Apr 25,False,SFG,"L,3-4",37,32,3,8,0,0,1,3,3,0,11,2,0,0,0,3,1,0,0.234,0.308,0.359,0.667,7,17,R,L.Webb(76)
82,23,Apr 26,False,MIL,"W,8-0",41,37,8,11,3,0,2,7,2,0,15,1,0,1,0,0,2,0,0.237,0.31,0.368,0.678,6,13,R,C.Burnes(42)
83,24,Apr 27,False,MIL,"L,4-5",36,32,4,7,0,0,2,3,3,0,13,0,0,1,0,0,1,1,0.236,0.308,0.37,0.678,5,16,R,A.Houser(53)
84,25,Apr 28,False,MIL,"W,6-2",43,31,6,5,0,0,1,5,10,1,11,1,0,0,0,0,1,1,0.233,0.312,0.365,0.677,10,13,R,Z.Godley(43)
85,26,Apr 30,False,WSN,"L,1-2",40,34,1,7,2,0,0,1,5,3,4,0,1,0,0,1,0,0,0.232,0.311,0.362,0.673,10,14,L,J.Lester(56)
86,27,May 1,False,WSN,"L,2-7",35,28,2,4,2,0,1,2,6,1,8,0,0,1,1,2,0,0,0.229,0.31,0.36,0.671,6,16,L,P.Corbin(61)
87,28,May 2,False,WSN,"L,1-3",31,30,1,5,0,0,1,1,0,0,9,1,0,0,0,1,1,1,0.227,0.307,0.357,0.664,3,14,R,M.Scherzer(82)
88,29,May 4,True,ARI,"W,9-3",38,35,9,12,2,0,2,8,3,1,6,0,0,0,0,1,0,0,0.232,0.31,0.365,0.675,5,15,R,R.Smith(47)
89,30,May 5,True,ARI,"W,8-0",36,34,8,10,1,1,1,8,2,0,9,0,0,0,0,0,0,0,0.234,0.311,0.369,0.679,4,15,R,L.Weaver(30)
90,31,May 6,True,ARI,"W,3-1",29,27,3,5,0,0,2,3,0,0,8,1,0,1,0,0,0,0,0.232,0.308,0.37,0.678,2,15,L,M.Bumgarner(71)
91,32,May 7,True,MIL,"W,6-1",34,31,6,10,3,0,1,6,3,0,8,0,0,0,0,2,0,0,0.235,0.31,0.374,0.684,4,13,L,B.Suter(38)
92,33,May 8,True,MIL,"L,2-6",33,33,2,6,1,0,1,2,0,0,18,0,0,0,0,0,1,0,0.234,0.307,0.372,0.679,4,16,R,A.Houser(64)
93,34,May 9,True,MIL,"L,1-2",37,34,1,6,0,0,1,1,2,0,12,1,0,0,0,0,0,1,0.232,0.305,0.369,0.674,7,15,L,B.Anderson(57)
94,35,May 10,False,ARI,"L,2-5",34,34,2,8,1,2,1,2,0,0,8,0,0,0,0,0,0,0,0.232,0.303,0.372,0.675,5,15,R,L.Weaver(71)
95,36,May 11,False,ARI,"L,3-11",36,34,3,7,4,0,1,3,2,0,10,0,0,0,0,0,1,0,0.231,0.302,0.373,0.674,6,14,L,M.Bumgarner(78)
96,37,May 12,False,ARI,"W,3-2",39,36,3,11,0,0,2,3,2,1,8,0,1,0,0,1,0,0,0.233,0.303,0.376,0.678,9,16,R,M.Peacock(44)
97,38,May 13,False,ARI,"W,5-1",39,37,5,12,3,0,0,5,2,0,5,0,0,0,0,1,0,0,0.236,0.304,0.376,0.681,7,14,R,M.Kelly(49)
98,39,May 14,False,LAD,"L,6-9",39,34,6,8,2,0,1,6,2,0,14,2,1,0,0,0,0,0,0.236,0.305,0.377,0.681,6,19,L,C.Kershaw(50)
99,40,May 15,False,LAD,"L,0-7",31,30,0,2,0,0,0,0,1,0,10,0,0,0,0,0,0,0,0.232,0.3,0.37,0.67,4,13,R,T.Bauer(83)
100,41,May 16,False,LAD,"W,3-2",37,34,3,6,2,0,1,3,3,0,12,0,0,0,1,0,2,0,0.231,0.299,0.368,0.667,7,16,R,J.Nelson(54)
101,42,May 18,False,PHI,"L,3-8",34,33,3,6,1,0,1,3,0,0,15,0,0,1,0,0,3,0,0.23,0.296,0.367,0.663,4,15,R,Z.Wheeler(75)
102,43,May 19,False,PHI,"W,3-1",38,37,3,11,1,0,1,3,1,0,9,0,0,0,0,1,0,0,0.231,0.297,0.368,0.665,8,12,R,Z.Eflin(58)
103,44,May 20,False,PHI,"W,6-0",39,34,6,8,2,1,2,5,5,1,10,0,0,0,1,1,1,0,0.231,0.298,0.372,0.669,6,13,R,D.Hale(54)
104,45,May 21,True,NYM,"L,5-6",49,43,5,11,1,0,1,4,5,1,18,0,0,1,0,1,0,2,0.232,0.298,0.371,0.669,11,21,R,M.Stroman(59)
105,46,May 22,True,NYM,"W,3-1",33,31,3,7,1,0,1,3,1,1,13,0,0,1,0,1,0,0,0.232,0.297,0.371,0.668,4,14,L,J.Lucchesi(68)
106,47,May 23,True,NYM,"W,5-1",35,31,5,7,0,0,0,3,3,0,5,1,0,0,1,0,0,0,0.232,0.298,0.368,0.666,6,11,R,J.Yamamoto(36)
107,48,May 24,True,PHI,"W,9-6",38,34,9,12,6,1,1,9,2,0,7,1,0,1,1,1,0,0,0.234,0.3,0.374,0.674,5,17,R,Z.Eflin(50)
108,49,May 25,True,PHI,"L,0-2",33,29,0,5,0,0,0,0,4,0,7,0,0,0,0,1,2,1,0.233,0.299,0.371,0.67,6,12,R,V.Velasquez(68)
109,50,May 26,True,PHI,"W,4-2",36,31,4,7,0,0,0,4,4,0,6,1,0,0,0,0,1,0,0.233,0.3,0.368,0.668,8,16,R,A.Nola(67)
110,51,May 27,True,PHI,"L,2-3",35,27,2,4,1,0,0,2,7,0,9,0,0,1,0,1,0,0,0.232,0.3,0.365,0.665,6,15,R,S.Howard(55)
111,52,May 28,False,BOS,"L,2-5",25,22,2,5,1,0,1,2,3,0,6,0,0,0,0,1,0,0,0.232,0.3,0.366,0.666,5,9,L,M.Pérez(53)
112,53,May 29,False,BOS,"L,1-3",40,37,1,10,2,0,0,1,3,0,14,0,0,0,0,1,2,0,0.233,0.301,0.365,0.666,12,10,R,N.Eovaldi(66)
113,54,Jun 1,False,TOR,"L,1-5",36,32,1,7,1,0,0,1,4,0,14,0,0,0,0,2,1,0,0.232,0.301,0.363,0.664,8,11,L,R.Ray(63)
114,55,Jun 2,False,TOR,"L,5-6",39,33,5,6,0,0,4,5,4,1,10,2,0,0,0,0,0,0,0.231,0.301,0.366,0.667,7,9,R,A.Manoah(38)
115,56,Jun 3,False,PIT,"L,3-5",36,32,3,7,2,0,0,3,2,0,5,0,2,0,0,0,1,0,0.231,0.301,0.365,0.665,6,16,L,T.Anderson(50)
116,57,Jun 4,False,PIT,"L,2-9",36,32,2,5,4,0,0,2,4,0,9,0,0,0,0,0,0,0,0.23,0.3,0.363,0.663,7,17,R,M.Keller(43)
117,58,Jun 5,False,PIT,"L,7-8",49,45,7,11,4,0,3,7,3,1,12,0,0,1,0,1,0,0,0.23,0.299,0.367,0.667,9,19,R,C.De Jong(37)
118,59,Jun 6,False,PIT,"W,3-1",34,30,3,5,0,0,1,2,2,0,6,1,0,1,0,1,0,1,0.229,0.298,0.366,0.664,4,10,R,C.Kuhl(57)
119,60,Jun 7,False,BOS,"L,3-5",44,38,3,12,3,0,1,3,5,0,13,1,0,0,0,1,3,0,0.231,0.301,0.368,0.668,14,9,R,N.Pivetta(45)
120,61,Jun 8,True,COL,"W,6-2",37,35,6,13,1,1,0,6,1,0,12,0,0,1,0,1,1,0,0.233,0.302,0.369,0.671,7,11,R,A.Senzatela(45)
121,62,Jun 9,True,COL,"L,3-4",40,34,3,9,2,0,1,3,4,0,8,2,0,0,0,0,0,1,0.234,0.303,0.37,0.673,10,18,L,A.Gomber(58)
122,63,Jun 10,True,COL,"W,11-4",42,39,11,16,4,0,3,10,3,0,10,0,0,0,0,1,0,0,0.237,0.306,0.377,0.683,7,14,R,C.González(18)
123,64,Jun 11,True,ATL,"W,4-3",36,27,4,5,1,0,0,4,7,0,7,1,0,1,0,0,0,1,0.237,0.307,0.375,0.682,8,16,R,C.Morton(37)
124,65,Jun 12,True,ATL,"W,4-2",33,29,4,8,0,0,2,4,2,0,5,1,0,1,0,1,2,0,0.237,0.307,0.376,0.683,5,15,L,M.Fried(52)
125,66,Jun 13,True,ATL,"L,4-6",37,36,4,9,1,0,0,3,1,0,12,0,0,0,0,0,1,0,0.237,0.306,0.375,0.681,6,17,L,D.Smyly(52)
126,67,Jun 14,False,STL,"L,2-4",33,30,2,5,1,0,0,2,3,0,9,0,0,0,0,0,0,0,0.236,0.306,0.372,0.678,4,14,R,A.Wainwright(59)
127,68,Jun 15,False,STL,"L,1-2",36,30,1,3,0,0,0,1,6,0,10,0,0,0,0,0,0,0,0.234,0.305,0.369,0.674,8,15,L,K.Kim(63)
128,69,Jun 16,False,STL,"L,0-1",34,32,0,6,0,0,0,0,1,0,6,1,0,0,0,1,0,0,0.234,0.304,0.366,0.67,7,9,R,J.Oviedo(69)
129,70,Jun 18,False,CHC,"W,10-2",42,34,10,9,1,0,3,10,7,0,8,0,1,0,0,0,0,0,0.234,0.305,0.369,0.674,5,12,R,Z.Davies(25)
130,71,Jun 19,False,CHC,"W,11-1",43,37,11,11,2,0,4,10,4,0,9,0,1,1,0,0,5,0,0.235,0.306,0.374,0.68,5,13,R,J.Arrieta(32)
131,72,Jun 20,False,CHC,"L,0-2",33,33,0,6,0,0,0,0,0,0,8,0,0,0,0,0,0,0,0.235,0.305,0.371,0.676,6,15,R,A.Mills(58)
132,73,Jun 22,True,TOR,"L,1-2",31,30,1,3,0,0,1,1,1,0,11,0,0,0,1,0,0,1,0.233,0.303,0.369,0.672,3,11,R,R.Stripling(70)
133,74,Jun 23,True,TOR,"L,1-3",34,33,1,5,1,0,1,1,1,0,9,0,0,0,1,0,1,0,0.232,0.301,0.368,0.669,6,14,L,R.Ray(65)
134,75,Jun 24,True,WSN,"L,3-7",35,32,3,7,0,0,1,3,3,0,9,0,0,0,1,2,0,1,0.232,0.301,0.367,0.668,5,17,R,J.Ross(75)
135,76,Jun 25,True,WSN,"W,11-2",42,36,11,11,3,0,2,11,5,0,6,0,1,0,2,0,2,0,0.233,0.302,0.37,0.672,7,14,L,J.Lester(17)
136,77,Jun 26,True,WSN,"W,3-2",31,30,3,6,2,1,1,3,1,0,8,0,0,0,0,0,0,0,0.232,0.301,0.371,0.672,4,13,L,P.Corbin(56)
137,78,Jun 27,True,WSN,"L,1-5",36,32,1,6,1,1,0,1,3,0,10,1,0,0,0,1,1,0,0.232,0.301,0.369,0.67,8,15,R,M.Scherzer(63)
138,79,Jun 29,False,PHI,"L,3-4",34,31,3,4,0,0,1,2,3,0,10,0,0,0,0,0,1,0,0.231,0.3,0.368,0.668,4,14,R,V.Velasquez(80)
139,80,Jun 30,False,PHI,"W,11-6",48,47,11,18,4,0,2,10,1,0,16,0,0,0,2,0,0,0,0.233,0.301,0.372,0.673,10,18,R,A.Nola(29)
140,81,Jul 2,False,ATL,"L,0-1",36,29,0,5,0,0,0,0,7,0,9,0,0,0,0,1,0,0,0.233,0.302,0.37,0.671,9,17,L,D.Smyly(68)
141,82,Jul 3,False,ATL,"W,3-2",36,30,3,5,0,0,1,3,5,0,10,0,1,0,0,0,0,0,0.232,0.302,0.368,0.67,6,15,L,K.Muller(52)
142,83,Jul 4,False,ATL,"L,7-8",44,40,7,12,0,0,3,7,2,0,13,0,1,1,0,0,3,0,0.233,0.302,0.371,0.673,8,16,R,C.Morton(47)
143,84,Jul 5,True,LAD,"W,5-4",36,30,5,8,0,0,1,4,4,0,9,1,1,0,1,1,3,1,0.233,0.303,0.371,0.673,7,15,R,W.Buehler(47)
144,85,Jul 6,True,LAD,"W,2-1",40,36,2,8,2,0,0,1,3,1,9,1,0,0,0,0,2,1,0.233,0.303,0.37,0.672,10,18,R,T.Gonsolin(66)
145,86,Jul 7,True,LAD,"W,9-6",40,34,9,9,1,0,4,9,4,1,12,0,1,0,1,0,2,0,0.233,0.303,0.373,0.676,5,15,R,J.Reed(47)
146,87,Jul 8,True,LAD,"L,1-6",36,34,1,8,0,0,1,1,2,0,11,0,0,0,0,1,0,0,0.233,0.303,0.372,0.675,8,13,L,J.Urías(68)
147,88,Jul 9,True,ATL,"L,0-5",32,28,0,2,0,0,0,0,3,0,10,0,1,0,0,0,0,0,0.232,0.302,0.369,0.671,5,14,R,C.Morton(78)
148,89,Jul 10,True,ATL,"L,4-5",39,38,4,11,1,0,1,4,1,0,10,0,0,0,0,0,1,0,0.233,0.302,0.37,0.671,8,18,L,M.Fried(41)
149,90,Jul 11,True,ATL,"W,7-4",40,35,7,12,3,1,1,7,5,1,10,0,0,0,0,1,2,0,0.234,0.303,0.372,0.675,9,14,R,I.Anderson(28)
150,91,Jul 16 (1),False,PHI,"L,2-5",28,28,2,8,3,0,0,2,0,0,12,0,0,0,0,1,0,0,0.234,0.303,0.372,0.675,5,13,L,M.Moore(52)
151,92,Jul 16 (2),False,PHI,"W,7-0",34,30,7,8,3,0,2,7,2,0,9,2,0,0,1,0,0,0,0.235,0.303,0.374,0.678,6,13,R,Z.Eflin(30)
152,93,Jul 17 susp,False,PHI,"L,2-4",37,33,2,5,1,0,1,2,3,0,10,1,0,0,0,1,1,1,0.234,0.303,0.373,0.676,6,19,R,V.Velasquez(67)
153,94,Jul 18,False,PHI,"L,4-7",39,35,4,10,2,0,1,4,3,0,10,0,0,1,0,0,1,1,0.234,0.303,0.374,0.677,8,18,R,Z.Wheeler(47)
154,95,Jul 19,False,WSN,"L,1-18",34,34,1,9,2,0,1,1,0,0,10,0,0,0,0,2,0,0,0.235,0.303,0.374,0.677,6,14,L,J.Lester(72)
155,96,Jul 20,False,WSN,"L,3-6",34,33,3,6,1,0,1,3,1,0,7,0,0,0,0,0,0,0,0.234,0.302,0.373,0.675,4,14,R,P.Espino(62)
156,97,Jul 21,False,WSN,"W,3-1",38,34,3,6,2,0,0,2,2,0,5,0,1,1,1,1,0,0,0.234,0.301,0.372,0.673,6,16,R,E.Fedde(65)
157,98,Jul 22,True,SDP,"L,2-3",36,30,2,4,3,0,0,2,5,0,10,1,0,0,0,1,1,0,0.233,0.301,0.371,0.671,7,20,L,B.Snell(67)
158,99,Jul 23,True,SDP,"L,2-5",36,33,2,8,2,0,1,2,3,0,7,0,0,0,0,2,0,0,0.233,0.301,0.371,0.672,7,17,R,J.Musgrove(55)
159,100,Jul 24,True,SDP,"W,3-2",36,31,3,8,0,0,0,2,4,0,11,1,0,0,1,1,1,0,0.233,0.301,0.37,0.671,9,14,L,R.Weathers(59)
160,101,Jul 25,True,SDP,"W,9-3",41,35,9,12,3,0,3,9,3,0,10,2,1,0,0,0,3,0,0.234,0.303,0.373,0.676,8,19,R,Y.Darvish(46)
161,102,Jul 27,False,BAL,"W,7-3",44,42,7,15,1,0,3,7,1,0,5,1,0,0,0,0,2,0,0.236,0.304,0.376,0.679,10,9,R,S.Watkins(28)
162,103,Jul 28,False,BAL,"L,7-8",46,38,7,11,3,0,1,7,7,0,8,1,0,0,0,0,0,0,0.236,0.305,0.377,0.682,12,10,R,J.López(22)
163,104,Jul 30,True,NYY,"L,1-3",37,34,1,8,0,0,0,0,2,0,9,1,0,0,1,2,0,0,0.236,0.305,0.375,0.68,9,17,R,J.Taillon(62)
164,105,Jul 31,True,NYY,"L,2-4",33,31,2,4,1,1,0,1,2,0,11,0,0,0,0,0,2,0,0.235,0.304,0.374,0.678,4,17,R,D.Germán(53)
165,106,Aug 1,True,NYY,"L,1-3",32,30,1,5,1,0,0,1,2,0,8,0,0,0,0,1,1,1,0.235,0.303,0.372,0.676,4,13,L,J.Montgomery(59)
166,107,Aug 2,True,NYM,"W,6-3",35,32,6,7,1,1,1,6,2,1,7,0,0,0,1,0,0,0,0.235,0.303,0.373,0.676,5,14,R,T.Megill(41)
167,108,Aug 3,True,NYM,"W,5-4",35,33,5,10,2,0,2,5,2,0,7,0,0,0,0,0,0,0,0.235,0.303,0.374,0.678,6,15,R,T.Walker(39)
168,109,Aug 4,True,NYM,"L,3-5",34,34,3,7,3,0,1,3,0,0,12,0,0,0,0,0,0,0,0.235,0.302,0.374,0.677,4,17,R,C.Carrasco(50)
169,110,Aug 5,True,NYM,"W,4-2",33,29,4,8,1,0,0,4,2,0,5,1,0,1,0,2,1,0,0.235,0.303,0.374,0.677,5,15,L,R.Hill(61)
170,111,Aug 6,False,COL,"L,2-14",35,32,2,6,3,0,1,2,3,0,13,0,0,0,0,0,0,0,0.235,0.302,0.374,0.676,6,14,R,G.Márquez(74)
171,112,Aug 7,False,COL,"L,4-7",41,39,4,12,3,0,0,4,2,0,12,0,0,0,0,0,0,0,0.236,0.303,0.374,0.677,10,14,L,A.Gomber(71)
172,113,Aug 8,False,COL,"L,8-13",42,38,8,11,4,0,2,8,4,0,8,0,0,0,0,0,0,0,0.236,0.303,0.376,0.679,7,17,L,K.Freeland(42)
173,114,Aug 9,False,SDP,"L,3-8",35,34,3,7,0,0,1,3,1,0,14,0,0,0,0,0,1,0,0.236,0.303,0.375,0.678,5,14,R,J.Musgrove(65)
174,115,Aug 10,False,SDP,"L,5-6",37,37,5,12,4,0,0,5,0,0,10,0,0,0,0,1,1,0,0.237,0.303,0.376,0.678,5,17,R,C.Stammen(30)
175,116,Aug 11,False,SDP,"W,7-0",44,36,7,12,3,0,3,7,7,0,12,1,0,0,0,1,0,0,0.238,0.304,0.378,0.683,10,12,L,R.Weathers(32)
176,117,Aug 13,True,CHC,"W,14-10",44,35,14,12,1,0,3,13,7,0,11,2,0,0,0,1,1,0,0.239,0.306,0.381,0.687,6,15,R,A.Alzolay(20)
177,118,Aug 14,True,CHC,"W,5-4",35,33,5,7,2,0,1,5,1,0,10,0,0,0,1,1,0,0,0.238,0.305,0.38,0.686,6,15,R,Z.Davies(64)
178,119,Aug 15,True,CHC,"W,4-1",34,33,4,9,1,0,2,4,1,0,8,0,0,0,1,1,2,0,0.239,0.305,0.381,0.687,6,14,R,A.Mills(50)
179,120,Aug 16,True,ATL,"L,2-12",33,31,2,4,0,0,2,2,2,0,10,0,0,0,0,0,0,0,0.238,0.304,0.381,0.685,4,17,R,T.Toussaint(64)
180,121,Aug 17,True,ATL,"L,0-2",31,29,0,4,0,0,0,0,2,0,9,0,0,0,0,1,0,1,0.237,0.304,0.379,0.683,4,12,R,H.Ynoa(65)
181,122,Aug 18,True,ATL,"L,9-11",43,38,9,12,1,0,1,9,3,0,12,1,0,1,0,0,0,0,0.238,0.304,0.38,0.684,7,17,R,C.Morton(66)
182,123,Aug 19,False,CIN,"L,1-6",34,33,1,8,2,0,0,1,1,0,10,0,0,0,0,0,0,1,0.238,0.304,0.379,0.683,6,12,R,L.Castillo(63)
183,124,Aug 20,False,CIN,"L,3-5",35,31,3,4,2,0,1,3,3,0,9,0,0,0,0,0,1,0,0.237,0.303,0.378,0.682,5,14,R,S.Gray(78)
184,125,Aug 21,False,CIN,"L,4-7",37,27,4,8,2,0,0,4,6,0,5,2,2,0,0,5,0,1,0.237,0.304,0.378,0.683,6,15,L,W.Miley(46)
185,126,Aug 22,False,CIN,"L,1-3",32,30,1,3,1,0,0,1,2,0,9,0,0,0,1,0,1,0,0.236,0.303,0.376,0.68,4,11,R,V.Gutierrez(74)
186,127,Aug 24,True,WSN,"L,1-5",35,34,1,8,1,0,0,1,1,0,16,0,0,0,1,0,2,0,0.236,0.303,0.376,0.679,7,15,R,E.Fedde(66)
187,128,Aug 25,True,WSN,"W,4-3",43,36,4,9,3,1,1,4,6,4,9,0,1,0,0,0,1,0,0.237,0.304,0.376,0.68,12,15,R,J.Gray(58)
188,129,Aug 26,True,WSN,"W,7-5",37,31,7,8,0,0,2,7,4,0,9,0,2,0,1,0,3,0,0.237,0.304,0.377,0.681,6,18,L,P.Corbin(28)
189,130,Aug 27,True,CIN,"L,0-6",34,31,0,6,3,0,0,0,3,0,7,0,0,0,0,2,0,0,0.236,0.304,0.376,0.68,7,13,L,W.Miley(69)
190,131,Aug 28,True,CIN,"W,6-1",39,34,6,12,2,0,1,6,2,0,5,1,1,0,0,0,2,0,0.237,0.304,0.377,0.682,9,12,R,V.Gutierrez(27)
191,132,Aug 29,True,CIN,"W,2-1",28,25,2,4,0,0,1,2,2,0,7,0,1,0,0,1,0,0,0.237,0.304,0.377,0.681,2,13,R,T.Mahle(65)
192,133,Aug 31,False,NYM,"L,1-3",28,26,1,5,1,0,0,1,2,0,8,0,0,0,1,1,0,0,0.237,0.304,0.376,0.679,6,12,R,T.Williams(57)
193,134,Sep 2,False,NYM,"L,3-4",35,31,3,4,1,0,1,3,4,0,11,0,0,0,1,0,1,0,0.236,0.303,0.375,0.678,5,14,R,C.Carrasco(52)
194,135,Sep 3,True,PHI,"W,10-3",36,32,10,10,1,1,1,9,4,1,5,0,0,0,0,1,0,1,0.236,0.304,0.376,0.68,2,15,R,K.Gibson(22)
195,136,Sep 4,True,PHI,"W,3-2",32,29,3,5,2,0,1,3,3,0,13,0,0,0,0,0,0,0,0.236,0.303,0.376,0.679,5,17,L,R.Suárez(68)
196,137,Sep 5,True,PHI,"L,3-4",37,32,3,2,0,0,1,3,3,0,13,1,1,0,1,0,0,0,0.235,0.302,0.374,0.677,5,18,R,S.Coonrod(50)
197,138,Sep 7,True,NYM,"L,4-9",41,38,4,10,2,0,0,4,2,0,10,0,0,1,2,0,0,0,0.235,0.302,0.374,0.676,10,17,R,C.Carrasco(46)
198,139,Sep 8,True,NYM,"W,2-1",41,37,2,10,2,0,0,2,2,0,10,1,1,0,0,2,0,0,0.235,0.302,0.373,0.676,11,14,L,R.Hill(66)
199,140,Sep 9,True,NYM,"W,3-2",30,29,3,7,0,0,1,2,0,0,7,1,0,0,0,0,1,0,0.235,0.302,0.373,0.675,3,18,R,M.Stroman(68)
200,141,Sep 10,False,ATL,"L,2-6",37,35,2,7,0,0,1,2,2,0,17,0,0,0,1,0,1,0,0.235,0.302,0.372,0.674,8,14,R,I.Anderson(56)
201,142,Sep 11,False,ATL,"W,6-4",40,36,6,11,2,0,3,6,1,0,8,1,1,1,0,1,0,0,0.236,0.302,0.374,0.676,7,16,R,C.Morton(60)
202,143,Sep 12,False,ATL,"L,3-5",35,32,3,5,0,2,1,3,2,0,8,0,1,0,0,0,0,0,0.235,0.301,0.374,0.676,5,16,L,M.Fried(58)
203,144,Sep 13,False,WSN,"W,3-0",37,34,3,9,3,0,0,3,3,1,8,0,0,0,0,1,1,0,0.235,0.302,0.374,0.676,7,11,R,P.Espino(59)
204,145,Sep 14,False,WSN,"L,2-8",33,32,2,4,0,0,2,2,0,0,14,1,0,0,1,0,0,0,0.234,0.301,0.374,0.674,4,15,R,E.Fedde(65)
205,146,Sep 15,False,WSN,"W,8-6",42,37,8,11,2,0,3,8,3,0,10,2,0,0,0,1,1,0,0.235,0.301,0.375,0.677,7,20,L,J.Rogers(70)
206,147,Sep 17,True,PIT,"L,1-2",34,32,1,5,1,1,0,1,2,1,12,0,0,0,0,0,0,0,0.234,0.301,0.375,0.675,6,14,R,W.Crowe(61)
207,148,Sep 18,True,PIT,"L,3-6",33,32,3,7,0,0,1,3,1,0,8,0,0,0,0,1,0,0,0.234,0.3,0.374,0.675,3,14,R,B.Wilson(54)
208,149,Sep 19,True,PIT,"W,6-5",41,34,6,8,2,0,1,6,5,1,10,1,0,1,1,0,0,1,0.234,0.301,0.374,0.675,9,15,R,M.Kranick(49)
209,150,Sep 20,True,WSN,"W,8-7",39,36,8,9,1,0,3,7,2,1,12,0,0,1,1,0,1,0,0.234,0.301,0.375,0.676,5,18,R,E.Fedde(52)
210,151,Sep 21,True,WSN,"L,1-7",34,31,1,5,1,0,1,1,3,0,5,0,0,0,0,1,0,0,0.234,0.3,0.375,0.675,6,14,L,J.Rogers(67)
211,152,Sep 22,True,WSN,"L,5-7",38,37,5,10,2,1,2,5,1,0,10,0,0,0,0,0,1,0,0.234,0.3,0.376,0.676,6,16,R,J.Gray(59)
212,153,Sep 24,False,TBR,"L,0-8",29,27,0,2,1,0,0,0,1,0,7,1,0,0,0,1,0,1,0.233,0.299,0.375,0.674,2,10,R,D.Robertson(53)
213,154,Sep 25,False,TBR,"L,3-7",41,38,3,13,1,0,1,3,3,0,6,0,0,0,0,2,1,0,0.234,0.3,0.375,0.675,11,11,L,S.McClanahan(53)
214,155,Sep 26,False,TBR,"L,2-3",35,33,2,6,3,0,1,2,1,0,11,1,0,0,0,0,0,0,0.234,0.299,0.375,0.675,6,9,R,S.Baz(71)
215,156,Sep 28 (1),False,NYM,"L,2-5",26,23,2,5,0,0,1,2,2,0,8,0,1,0,0,0,0,2,0.234,0.299,0.375,0.674,3,13,R,M.Stroman(51)
216,157,Sep 28 (2),False,NYM,"L,1-2",32,31,1,5,0,0,1,1,1,0,12,0,0,0,0,0,0,0,0.233,0.299,0.374,0.673,6,14,R,N.Syndergaard(55)
217,158,Sep 29,False,NYM,"W,3-2",32,29,3,5,2,0,0,3,3,0,8,0,0,0,1,2,1,0,0.233,0.298,0.374,0.672,2,16,R,T.Walker(68)
218,159,Sep 30,False,NYM,"L,3-12",38,33,3,6,0,0,1,2,5,0,12,0,0,0,0,0,0,0,0.233,0.298,0.373,0.671,8,15,L,R.Hill(48)
219,160,Oct 1,True,PHI,"L,0-5",35,32,0,8,1,0,0,0,2,0,10,1,0,0,0,3,0,0,0.233,0.299,0.372,0.671,8,17,L,R.Suárez(73)
220,161,Oct 2,True,PHI,"W,3-1",32,27,3,5,0,0,1,3,5,0,4,0,0,0,0,2,0,0,0.233,0.299,0.372,0.671,5,14,R,H.Crouse(44)
221,162,Oct 3,True,PHI,"W,5-4",32,30,5,7,0,1,1,4,2,0,10,0,0,0,0,1,1,0,0.233,0.298,0.372,0.671,3,19,L,B.Falter(35)
222,1,Apr 8,False,SFG,"L,5-6",42,39,5,9,0,0,2,5,3,0,6,0,0,0,1,1,0,0,0.231,0.286,0.385,0.67,8,12,R,L.Webb(60)
223,2,Apr 9,False,SFG,"W,2-1",35,32,2,5,2,0,0,1,3,0,14,0,0,0,1,1,0,0,0.197,0.26,0.31,0.57,6,10,L,C.Rodón(67)
224,3,Apr 10,False,SFG,"L,2-3",37,34,2,11,1,0,0,2,1,0,9,1,0,1,0,1,0,0,0.238,0.289,0.324,0.613,8,11,R,A.DeSclafani(41)
225,4,Apr 11,False,LAA,"L,2-6",30,30,2,3,1,0,2,2,0,0,11,0,0,0,0,0,0,0,0.207,0.25,0.326,0.576,1,9,R,M.Lorenzen(71)
226,5,Apr 12,False,LAA,"L,3-4",38,31,3,5,0,0,1,2,7,0,8,0,0,0,1,1,0,1,0.199,0.264,0.313,0.577,8,10,L,P.Sandoval(57)
227,6,Apr 14,True,PHI,"W,4-3",34,29,4,6,1,1,1,4,5,0,8,0,0,0,0,1,0,0,0.2,0.273,0.328,0.601,6,11,R,K.Gibson(41)
228,7,Apr 15,True,PHI,"W,7-1",39,32,7,11,4,2,0,7,4,0,8,1,0,2,0,0,1,0,0.22,0.294,0.366,0.66,8,10,R,Z.Eflin(37)
229,8,Apr 16,True,PHI,"L,3-10",37,33,3,8,2,0,2,3,4,0,7,0,0,0,0,2,0,0,0.223,0.298,0.381,0.679,7,11,L,R.Suárez(48)
230,9,Apr 17,True,PHI,"W,11-3",48,37,11,13,1,2,0,11,6,1,8,4,0,1,1,0,0,0,0.239,0.324,0.394,0.717,13,9,R,Z.Wheeler(15)
231,10,Apr 19,True,STL,"L,1-5",36,34,1,8,1,0,1,1,2,0,10,0,0,0,0,0,0,0,0.239,0.319,0.39,0.709,8,11,R,A.Wainwright(59)
232,11,Apr 20,True,STL,"L,0-2",35,32,0,5,0,0,0,0,2,0,11,1,0,0,0,0,1,0,0.231,0.311,0.369,0.681,8,11,R,M.Mikolas(64)
233,12,Apr 21,True,STL,"W,5-0",34,30,5,7,1,0,2,4,4,0,5,0,0,0,0,2,1,0,0.232,0.312,0.377,0.689,5,10,R,J.Hicks(52)
234,13,Apr 22,False,ATL,"L,0-3",36,32,0,5,0,0,0,0,3,0,16,1,0,0,0,0,0,0,0.226,0.308,0.36,0.668,9,12,R,K.Wright(74)
235,14,Apr 23,False,ATL,"W,9-7",48,40,9,14,2,0,1,9,7,1,11,0,0,1,1,1,4,0,0.237,0.319,0.37,0.689,12,11,R,I.Anderson(46)
236,15,Apr 24,False,ATL,"W,5-4",44,36,5,11,6,1,0,5,7,0,12,0,0,1,0,1,1,0,0.242,0.326,0.381,0.708,12,10,R,B.Elder(44)
237,16,Apr 26,False,WSN,"W,5-2",40,36,5,9,3,0,1,5,4,0,11,0,0,0,0,0,2,0,0.242,0.326,0.384,0.71,8,10,R,J.Gray(46)
238,17,Apr 27,False,WSN,"W,2-1",35,29,2,4,0,0,1,2,5,0,8,1,0,0,0,1,0,1,0.237,0.324,0.376,0.7,6,10,R,E.Fedde(52)
239,18,Apr 28,False,WSN,"W,3-2",36,32,3,5,3,0,0,2,2,0,9,2,0,0,1,0,2,1,0.232,0.32,0.37,0.69,6,12,L,P.Corbin(60)
240,19,Apr 29,True,SEA,"W,8-6",37,32,8,10,1,1,2,8,3,0,9,2,0,0,0,0,0,1,0.237,0.325,0.381,0.706,5,9,R,M.Brash(19)
241,20,Apr 30,True,SEA,"W,3-1",34,29,3,6,1,0,0,3,5,0,12,0,0,0,0,1,0,0,0.235,0.325,0.375,0.699,7,11,L,R.Ray(51)
242,21,May 1,True,SEA,"L,3-7",42,38,3,10,1,0,2,3,4,0,8,0,0,0,1,0,0,0,0.237,0.325,0.379,0.704,12,11,R,L.Gilbert(60)
243,22,May 2,True,ARI,"L,4-5",38,34,4,8,2,0,0,4,1,0,6,3,0,0,0,0,1,0,0.237,0.325,0.375,0.699,7,10,R,Z.Gallen(60)
244,23,May 3,True,ARI,"L,4-5",37,33,4,6,1,0,0,4,3,0,7,1,0,0,0,0,0,0,0.234,0.322,0.368,0.69,6,11,R,H.Castellanos(65)
245,24,May 4,True,ARI,"L,7-8",40,35,7,10,1,0,3,6,4,0,8,0,0,1,0,1,1,0,0.237,0.323,0.377,0.7,6,12,L,M.Bumgarner(47)
246,25,May 5,False,SDP,"L,1-2",32,31,1,5,1,0,0,1,1,0,6,0,0,0,0,1,1,0,0.234,0.319,0.37,0.689,4,11,R,N.Martínez(68)
247,26,May 6,False,SDP,"L,2-3",34,33,2,6,0,0,1,2,1,0,4,0,0,0,0,0,0,0,0.232,0.315,0.366,0.681,5,11,R,Y.Darvish(62)
248,27,May 7,False,SDP,"W,8-0",41,37,8,10,5,0,2,8,4,0,11,0,0,0,0,0,0,0,0.233,0.316,0.374,0.69,6,10,L,S.Manaea(53)
249,28,May 8,False,SDP,"L,2-3",34,31,2,5,2,0,1,2,1,0,9,1,0,1,0,0,1,0,0.231,0.312,0.373,0.685,5,9,R,J.Musgrove(66)
250,29,May 9,False,ARI,"L,3-4",35,33,3,9,0,0,1,3,1,0,6,0,0,0,0,2,0,1,0.232,0.312,0.372,0.684,5,10,R,H.Castellanos(51)
251,30,May 10,False,ARI,"L,3-9",38,37,3,9,0,0,1,3,1,0,8,0,0,0,1,0,0,0,0.233,0.31,0.371,0.681,8,10,L,M.Bumgarner(57)
252,31,May 11,False,ARI,"W,11-3",43,40,11,15,1,0,3,11,3,0,10,0,0,0,0,1,0,0,0.238,0.314,0.38,0.695,5,11,R,M.Kelly(43)
253,32,May 13,True,MIL,"L,1-2",30,30,1,5,0,0,1,1,0,0,9,0,0,0,0,1,0,1,0.236,0.311,0.377,0.688,2,10,R,C.Burnes(70)
254,33,May 14,True,MIL,"W,9-3",41,36,9,11,2,0,3,8,4,0,9,0,0,0,0,0,1,0,0.238,0.313,0.385,0.697,8,10,L,E.Lauer(46)
255,34,May 15,True,MIL,"L,3-7",36,34,3,5,2,0,1,3,2,0,14,0,0,0,1,0,0,0,0.236,0.309,0.382,0.691,6,9,R,B.Woodruff(53)
256,35,May 16,True,WSN,"W,8-2",39,36,8,16,5,0,1,7,3,1,6,0,0,0,0,3,0,1,0.242,0.315,0.391,0.705,7,9,R,A.Sanchez(28)
257,36,May 17,True,WSN,"W,5-1",36,35,5,11,3,0,2,3,0,0,5,1,0,0,0,0,0,0,0.244,0.315,0.396,0.711,7,10,R,J.Adon(52)
258,37,May 18,True,WSN,"L,4-5",41,34,4,7,0,1,1,4,3,0,10,1,0,3,0,0,0,0,0.243,0.314,0.395,0.709,8,11,R,J.Gray(55)
259,38,May 20,True,ATL,"L,3-5",39,36,3,10,4,0,1,3,1,0,9,2,0,0,0,1,0,0,0.244,0.314,0.397,0.711,9,11,R,C.Morton(46)
260,39,May 21,True,ATL,"L,3-4",39,34,3,8,2,1,0,3,5,0,12,0,0,0,0,0,0,0,0.244,0.315,0.396,0.711,9,12,R,K.Wright(66)
261,40,May 22,True,ATL,"W,4-3",37,30,4,8,3,0,0,4,4,0,9,1,0,2,0,0,1,0,0.244,0.316,0.395,0.711,9,10,R,I.Anderson(46)
262,41,May 24,False,TBR,"L,0-4",32,29,0,5,0,0,0,0,3,0,10,0,0,0,0,2,0,0,0.243,0.314,0.391,0.705,5,9,L,S.McClanahan(71)
263,42,May 25,False,TBR,"L,4-5",38,34,4,9,2,0,1,4,4,0,12,0,0,0,1,2,0,0,0.243,0.315,0.391,0.706,7,11,R,D.Rasmussen(48)
264,43,May 27,False,ATL,"L,4-6",35,32,4,5,0,0,2,4,3,0,10,0,0,0,1,1,1,0,0.241,0.313,0.39,0.703,4,10,R,I.Anderson(47)
265,44,May 28,False,ATL,"W,4-1",40,33,4,8,1,0,1,4,6,0,6,0,0,1,0,1,2,0,0.242,0.314,0.389,0.703,9,10,L,T.Davidson(56)
266,45,May 29,False,ATL,"L,3-6",38,33,3,7,0,0,2,3,4,0,9,1,0,0,0,1,0,0,0.241,0.314,0.39,0.703,8,11,L,M.Fried(58)
267,46,May 30,False,COL,"L,1-7",33,32,1,5,1,1,1,1,1,0,8,0,0,0,1,1,1,0,0.239,0.311,0.389,0.7,5,10,R,R.Feltner(70)
268,47,Jun 1 (1),False,COL,"W,14-1",50,47,14,21,5,0,1,13,2,0,5,1,0,0,0,1,0,0,0.245,0.316,0.395,0.712,9,10,R,A.Senzatela(21)
269,48,Jun 1 (2),False,COL,"L,12-13",51,41,12,13,1,0,3,11,9,0,6,0,0,1,0,2,3,0,0.247,0.319,0.4,0.719,10,13,R,G.Márquez(29)
270,49,Jun 2,True,SFG,"W,3-0",33,30,3,7,2,0,0,3,3,0,6,0,0,0,0,0,0,1,0.247,0.319,0.398,0.717,6,9,L,A.Wood(55)
271,50,Jun 3,True,SFG,"L,6-15",39,36,6,8,2,0,2,6,3,0,12,0,0,0,1,0,0,0,0.246,0.318,0.399,0.717,6,12,R,J.Brebbia(52)
272,51,Jun 4,True,SFG,"W,5-4",33,29,5,6,1,0,0,4,2,0,8,1,0,1,0,1,2,0,0.246,0.318,0.396,0.714,3,10,R,L.Webb(44)
273,52,Jun 5,True,SFG,"L,1-5",34,32,1,5,1,0,1,1,2,0,9,0,0,0,0,0,0,0,0.244,0.316,0.394,0.71,6,10,R,J.Junis(70)
274,53,Jun 7,True,WSN,"W,12-2",42,38,12,14,2,0,4,12,4,0,9,0,0,0,0,0,1,0,0.247,0.318,0.401,0.719,6,12,R,J.Adon(13)
275,54,Jun 8,True,WSN,"W,2-1",40,36,2,9,0,0,0,2,3,0,9,0,0,0,0,0,1,1,0.247,0.318,0.398,0.716,11,11,R,J.Gray(60)
276,55,Jun 9,True,WSN,"W,7-4",36,32,7,10,3,0,1,7,3,0,7,1,0,0,0,1,1,0,0.248,0.319,0.4,0.719,5,9,R,S.Strasburg(23)
277,56,Jun 10,False,HOU,"W,7-4",37,33,7,7,0,0,4,7,3,0,14,0,0,1,1,1,1,0,0.247,0.318,0.403,0.721,3,10,R,L.García(38)
278,57,Jun 11,False,HOU,"W,5-1",38,33,5,6,1,0,0,5,3,0,9,2,0,0,1,1,4,0,0.246,0.318,0.4,0.717,6,10,L,F.Valdez(55)
279,58,Jun 12,False,HOU,"L,4-9",33,32,4,3,0,0,1,3,1,0,6,0,0,0,2,0,1,0,0.244,0.315,0.396,0.711,2,9,R,J.Verlander(67)
280,59,Jun 13,False,PHI,"L,2-3",33,33,2,6,3,0,0,2,0,0,8,0,0,0,0,0,1,0,0.243,0.313,0.394,0.707,4,9,R,A.Nola(63)
281,60,Jun 14,False,PHI,"W,11-9",42,39,11,12,3,0,4,11,3,0,10,0,0,0,0,0,2,0,0.244,0.314,0.4,0.714,4,12,R,Z.Eflin(50)
282,61,Jun 15,False,PHI,"L,1-3",32,32,1,7,1,0,1,1,0,0,8,0,0,0,0,2,2,0,0.243,0.312,0.399,0.711,4,9,R,K.Gibson(70)
283,62,Jun 17,False,NYM,"L,4-10",43,37,4,10,2,0,1,3,5,0,11,1,0,0,0,0,1,0,0.244,0.313,0.399,0.713,12,11,R,C.Carrasco(50)
284,63,Jun 18,False,NYM,"L,2-3",32,31,2,4,1,0,0,2,1,0,15,0,0,0,0,0,5,0,0.242,0.311,0.396,0.707,3,10,R,T.Walker(74)
285,64,Jun 19,False,NYM,"W,6-2",38,35,6,8,2,0,1,6,3,0,12,0,0,0,1,0,2,1,0.242,0.311,0.395,0.706,5,9,R,C.Bassitt(58)
286,65,Jun 20,False,NYM,"L,0-6",37,32,0,7,0,0,0,0,4,0,10,1,0,0,1,2,1,0,0.242,0.311,0.393,0.704,10,9,L,D.Peterson(61)
287,66,Jun 21,True,COL,"W,9-8",41,38,9,13,3,0,2,8,1,0,6,1,0,0,0,0,2,0,0.243,0.312,0.396,0.708,8,11,R,R.Feltner(33)
288,67,Jun 22,True,COL,"W,7-4",36,33,7,11,0,1,3,7,3,0,6,0,0,0,0,0,1,1,0.245,0.313,0.4,0.713,5,11,R,C.Kuhl(40)
289,68,Jun 23,True,COL,"W,3-2",34,31,3,9,3,0,0,3,0,0,5,2,0,1,0,1,3,0,0.245,0.313,0.4,0.713,7,11,L,K.Freeland(60)
290,69,Jun 24,True,NYM,"L,3-5",39,34,3,11,0,0,0,3,5,0,7,0,0,0,0,2,0,1,0.246,0.315,0.399,0.713,9,10,R,T.Walker(47)
291,70,Jun 25,True,NYM,"L,3-5",32,32,3,6,1,0,2,3,0,0,9,0,0,0,0,0,0,0,0.246,0.313,0.399,0.712,2,10,R,C.Bassitt(58)
292,71,Jun 26,True,NYM,"W,3-2",32,31,3,6,2,0,2,3,0,0,9,0,0,1,0,0,0,0,0.245,0.312,0.399,0.711,3,9,L,D.Peterson(69)
293,72,Jun 27,False,STL,"L,0-9",33,32,0,8,1,0,0,0,1,0,9,0,0,0,0,2,1,0,0.245,0.311,0.398,0.709,6,10,R,A.Wainwright(71)
294,73,Jun 28,False,STL,"L,3-5",33,31,3,6,2,0,0,3,2,0,10,0,0,0,0,2,0,0,0.244,0.31,0.396,0.707,3,11,R,D.Hudson(45)
295,74,Jun 29,False,STL,"W,4-3",34,32,4,7,1,0,1,3,2,0,6,0,0,0,0,2,0,0,0.244,0.31,0.395,0.705,3,11,R,A.Pallante(60)
296,75,Jul 1,False,WSN,"W,6-3",42,38,6,12,3,0,1,6,3,0,7,0,0,1,1,0,3,0,0.245,0.311,0.397,0.707,9,10,R,J.Gray(29)
297,76,Jul 2,False,WSN,"W,5-3",40,33,5,7,3,1,1,5,6,0,5,0,0,1,1,1,1,0,0.245,0.311,0.397,0.708,8,9,R,J.Tetreault(34)
298,77,Jul 3,False,WSN,"W,7-4",41,37,7,8,1,0,2,7,4,0,10,0,0,0,0,0,1,1,0.244,0.311,0.397,0.708,5,12,R,E.Fedde(61)
299,78,Jul 4,False,WSN,"W,3-2",42,38,3,10,2,0,1,3,2,0,8,1,1,0,0,0,1,0,0.245,0.311,0.397,0.708,10,11,L,P.Corbin(60)
300,79,Jul 5,True,LAA,"W,2-1",33,31,2,8,1,0,2,2,2,0,9,0,0,0,2,3,2,0,0.245,0.311,0.398,0.709,7,11,R,N.Syndergaard(57)
301,80,Jul 6,True,LAA,"L,2-5",35,29,2,3,1,0,0,2,5,0,10,0,0,1,1,1,0,0,0.243,0.31,0.396,0.705,6,10,R,S.Ohtani(78)
302,81,Jul 7,False,NYM,"L,0-10",28,28,0,2,1,0,0,0,0,0,9,0,0,0,0,0,0,0,0.241,0.307,0.393,0.7,1,12,R,T.Williams(80)
303,82,Jul 8,False,NYM,"W,5-2",37,34,5,10,4,0,1,5,1,0,3,0,1,1,0,1,1,0,0.242,0.307,0.394,0.701,5,10,R,C.Bassitt(56)
304,83,Jul 9,False,NYM,"L,4-5",39,36,4,10,3,0,1,2,2,0,8,0,0,0,0,2,2,0,0.243,0.307,0.395,0.702,6,12,R,C.Carrasco(50)
305,84,Jul 10,False,NYM,"W,2-0",36,34,2,6,0,0,0,1,1,0,12,1,0,0,0,2,2,0,0.242,0.306,0.392,0.698,5,12,R,T.Walker(77)
306,85,Jul 11,True,PIT,"L,1-5",35,31,1,5,1,0,0,1,2,0,9,1,0,0,0,1,0,0,0.241,0.306,0.39,0.696,7,12,R,M.Keller(68)
307,86,Jul 12,True,PIT,"L,2-3",32,31,2,5,1,0,0,2,0,0,7,0,0,1,0,0,2,0,0.24,0.304,0.388,0.692,3,11,R,C.Stratton(49)
308,87,Jul 13,True,PIT,"W,5-4",41,34,5,7,1,0,0,4,4,1,11,3,0,0,0,1,0,0,0.24,0.305,0.386,0.691,8,14,R,J.Brubaker(78)
309,88,Jul 14,True,PIT,"W,3-2",41,36,3,9,1,1,0,3,5,0,4,0,0,0,0,2,1,1,0.24,0.305,0.385,0.69,10,12,R,Z.Thompson(61)
310,89,Jul 15,True,PHI,"L,1-2",35,30,1,4,2,0,0,1,4,0,10,0,0,1,0,0,2,0,0.239,0.304,0.383,0.688,7,12,R,K.Gibson(64)
311,90,Jul 16,True,PHI,"L,0-10",31,31,0,5,1,0,0,0,0,0,9,0,0,0,0,1,0,0,0.238,0.303,0.382,0.685,4,12,L,R.Suárez(63)
312,91,Jul 17,True,PHI,"L,0-4",31,30,0,4,0,0,0,0,1,0,11,0,0,0,0,1,0,0,0.237,0.302,0.379,0.681,4,10,R,A.Nola(84)
313,92,Jul 21,True,TEX,"L,0-8",36,33,0,7,0,0,0,0,3,0,7,0,0,0,0,1,1,0,0.237,0.301,0.377,0.679,9,10,R,J.Gray(67)
314,93,Jul 22,False,PIT,"W,8-1",40,38,8,13,4,0,1,7,2,0,3,0,0,0,0,1,0,0,0.238,0.302,0.379,0.681,5,10,R,Z.Thompson(22)
315,94,Jul 23,False,PIT,"L,0-1",33,30,0,5,0,0,0,0,1,0,8,2,0,0,2,3,0,1,0.237,0.302,0.377,0.679,6,14,L,J.Quintana(73)
316,95,Jul 24,False,PIT,"W,6-5",40,38,6,11,1,0,1,6,0,0,12,1,1,0,0,2,2,0,0.238,0.302,0.377,0.679,5,11,R,M.Keller(57)
317,96,Jul 25,False,CIN,"L,2-11",35,32,2,7,1,0,0,1,3,0,10,0,0,0,0,1,1,0,0.238,0.302,0.376,0.678,6,11,L,N.Lodolo(65)
318,97,Jul 26,False,CIN,"W,2-1",39,37,2,11,1,0,0,2,2,0,10,0,0,0,0,0,3,0,0.238,0.302,0.375,0.677,10,10,R,H.Greene(52)
319,98,Jul 27,False,CIN,"L,3-5",34,33,3,7,1,0,2,3,1,0,8,0,0,0,0,1,0,0,0.238,0.301,0.376,0.677,4,9,R,L.Castillo(60)
320,99,Jul 28,False,CIN,"W,7-6",39,34,7,10,3,0,2,7,3,0,9,1,0,1,0,1,0,1,0.239,0.302,0.378,0.68,5,11,R,G.Ashcraft(48)
321,100,Jul 29,True,NYM,"L,4-6",37,32,4,7,1,0,0,3,4,0,8,1,0,0,0,2,0,0,0.238,0.302,0.377,0.679,6,11,R,C.Bassitt(42)
322,101,Jul 30,True,NYM,"L,0-4",30,28,0,4,1,0,0,0,2,0,7,0,0,0,0,2,1,1,0.238,0.301,0.375,0.676,3,9,R,C.Carrasco(76)
323,102,Jul 31,True,NYM,"L,3-9",40,37,3,10,5,0,1,3,3,0,9,0,0,0,0,0,0,0,0.238,0.302,0.376,0.678,10,9,R,T.Walker(45)
324,103,Aug 1,True,CIN,"L,1-3",36,33,1,6,1,0,0,1,1,0,12,2,0,0,0,0,0,0,0.237,0.301,0.375,0.676,8,13,R,H.Greene(78)
325,104,Aug 2,True,CIN,"L,1-2",32,31,1,5,2,0,0,1,0,0,4,0,0,1,1,0,1,0,0.237,0.3,0.373,0.673,4,13,R,G.Ashcraft(74)
326,105,Aug 3,True,CIN,"W,3-0",33,30,3,7,2,0,1,3,3,1,7,0,0,0,0,0,4,1,0.237,0.3,0.374,0.673,6,10,L,M.Minor(49)
327,106,Aug 5,False,CHC,"L,1-2",39,34,1,7,0,0,0,1,3,0,13,1,0,0,0,0,1,0,0.236,0.3,0.372,0.672,11,10,L,J.Steele(65)
328,107,Aug 6,False,CHC,"L,0-4",32,31,0,5,1,0,0,0,1,0,5,0,0,0,0,0,0,0,0.236,0.299,0.37,0.669,5,10,L,D.Smyly(67)
329,108,Aug 7,False,CHC,"W,3-0",36,33,3,8,1,0,2,3,3,0,7,0,0,0,0,1,1,1,0.236,0.299,0.371,0.67,6,9,R,A.Sampson(51)
330,109,Aug 9,False,PHI,"L,1-4",36,32,1,5,2,0,1,1,4,0,12,0,0,0,1,1,0,0,0.235,0.299,0.371,0.669,8,9,R,Z.Wheeler(63)
331,110,Aug 10,False,PHI,"L,3-4",35,33,3,9,2,1,0,3,2,0,6,0,0,0,0,1,0,1,0.236,0.299,0.371,0.67,5,11,R,N.Syndergaard(54)
332,111,Aug 11,False,PHI,"W,3-0",36,34,3,7,2,1,0,2,2,0,8,0,0,0,1,1,1,0,0.235,0.298,0.37,0.669,6,10,R,K.Gibson(51)
333,112,Aug 12,True,ATL,"L,3-4",43,37,3,12,4,0,1,2,6,1,8,0,0,0,0,1,2,1,0.236,0.3,0.372,0.671,13,12,R,J.Odorizzi(39)
334,113,Aug 13 (1),True,ATL,"L,2-5",33,30,2,5,0,0,1,2,3,0,7,0,0,0,0,1,1,0,0.236,0.299,0.371,0.67,4,10,L,K.Muller(57)
335,114,Aug 13 (2),True,ATL,"L,2-6",36,32,2,5,0,1,1,2,4,0,8,0,0,0,0,0,0,0,0.235,0.299,0.37,0.669,7,10,R,I.Anderson(57)
336,115,Aug 14,True,ATL,"L,1-3",35,32,1,5,1,0,0,1,3,0,12,0,0,0,0,0,3,0,0.234,0.298,0.369,0.667,7,9,R,B.Elder(74)
337,116,Aug 15,True,SDP,"W,3-0",35,31,3,9,1,1,1,3,1,0,8,2,0,1,0,1,2,0,0.235,0.298,0.37,0.668,8,9,R,J.Musgrove(49)
338,117,Aug 16,True,SDP,"W,4-3",33,29,4,6,2,0,2,4,3,0,10,1,0,0,0,1,1,0,0.235,0.298,0.371,0.669,5,12,L,S.Manaea(47)
339,118,Aug 17,True,SDP,"L,3-10",38,33,3,7,4,0,0,3,4,0,10,1,0,0,0,0,0,0,0.234,0.299,0.37,0.669,8,10,R,M.Clevinger(36)
340,119,Aug 19,False,LAD,"L,1-2",34,31,1,5,3,0,0,1,3,0,7,0,0,0,0,0,0,1,0.234,0.298,0.37,0.668,6,10,L,T.Anderson(66)
341,120,Aug 20,False,LAD,"L,0-7",32,30,0,3,0,0,0,0,2,0,15,0,0,0,0,0,1,0,0.233,0.297,0.368,0.665,5,12,R,D.May(72)
342,121,Aug 21,False,LAD,"L,3-10",36,32,3,6,1,0,2,3,3,0,10,1,0,0,0,0,1,0,0.232,0.297,0.368,0.665,6,9,R,R.Pepiot(61)
343,122,Aug 22,False,OAK,"W,3-0",39,33,3,7,3,0,1,3,6,0,5,0,0,0,0,1,1,0,0.232,0.297,0.368,0.665,9,9,R,A.Oller(47)
344,123,Aug 23,False,OAK,"W,5-3",36,35,5,8,4,0,1,5,1,0,10,0,0,0,0,0,0,0,0.232,0.297,0.369,0.665,4,10,L,Z.Logue(61)
345,124,Aug 24,False,OAK,"L,2-3",38,35,2,5,0,0,1,2,2,0,14,1,0,0,0,0,1,0,0.231,0.296,0.367,0.664,7,11,L,C.Irvin(82)
346,125,Aug 26,True,LAD,"L,6-10",45,41,6,8,2,0,1,6,4,0,9,0,0,0,2,0,1,0,0.231,0.296,0.367,0.663,10,16,L,T.Anderson(58)
347,126,Aug 27,True,LAD,"W,2-1",29,27,2,5,1,0,0,2,1,0,7,1,0,0,1,0,2,1,0.231,0.296,0.366,0.661,3,10,R,D.May(61)
348,127,Aug 28,True,LAD,"L,1-8",33,29,1,2,0,0,1,1,4,0,10,0,0,0,0,0,0,0,0.23,0.295,0.365,0.659,5,9,L,J.Urías(69)
349,128,Aug 29,True,LAD,"L,2-3",42,38,2,7,3,1,0,2,4,0,9,0,0,0,1,0,0,0,0.229,0.294,0.364,0.659,11,10,R,M.Grove(49)
350,129,Aug 30,True,TBR,"L,2-7",34,33,2,9,2,0,0,2,0,0,8,1,0,0,0,1,0,1,0.23,0.294,0.364,0.658,5,10,R,S.Armstrong(54)
351,130,Aug 31,True,TBR,"L,1-2",37,34,1,5,0,0,1,1,3,0,7,0,0,0,0,1,1,0,0.229,0.294,0.363,0.657,7,12,R,D.Rasmussen(64)
352,131,Sep 2,False,ATL,"L,1-8",34,31,1,5,1,0,1,1,3,0,11,0,0,0,0,1,0,0,0.228,0.293,0.362,0.656,6,9,R,C.Morton(62)
353,132,Sep 3,False,ATL,"L,1-2",34,30,1,5,0,0,0,1,3,0,9,0,0,1,0,1,1,0,0.228,0.293,0.361,0.654,6,10,R,B.Elder(72)
354,133,Sep 4,False,ATL,"L,1-7",32,29,1,3,0,0,0,1,3,0,13,0,0,0,0,1,0,0,0.227,0.292,0.359,0.652,4,11,L,M.Fried(72)
355,134,Sep 6,False,PHI,"L,2-3",36,29,2,6,1,0,0,2,4,0,13,1,1,1,0,0,0,2,0.227,0.292,0.359,0.651,7,11,R,A.Nola(70)
356,135,Sep 7,False,PHI,"L,3-4",36,36,3,10,0,0,1,3,0,0,8,0,0,0,0,0,0,1,0.228,0.292,0.359,0.651,6,12,L,B.Falter(49)
357,136,Sep 8,False,PHI,"W,6-5",44,39,6,12,3,0,2,5,3,0,7,2,0,0,1,1,0,0,0.228,0.293,0.36,0.653,11,13,R,K.Gibson(34)
358,137,Sep 9,True,NYM,"W,6-3",38,32,6,10,5,0,2,6,6,0,10,0,0,0,0,1,0,0,0.229,0.294,0.362,0.656,8,12,L,D.Peterson(44)
359,138,Sep 10,True,NYM,"L,3-11",36,35,3,9,2,0,0,2,1,0,11,0,0,0,0,1,0,0,0.229,0.294,0.362,0.656,6,12,R,C.Carrasco(66)
360,139,Sep 11,True,NYM,"L,3-9",34,33,3,7,2,0,2,3,0,0,12,1,0,0,0,1,0,0,0.229,0.294,0.363,0.656,4,9,R,T.Walker(73)
361,140,Sep 12 (1),True,TEX,"L,2-3",36,30,2,5,0,0,0,2,3,0,4,2,0,1,0,1,0,0,0.228,0.294,0.361,0.655,7,11,R,G.Otto(58)
362,141,Sep 12 (2),True,TEX,"W,10-6",39,34,10,10,4,0,0,9,4,0,10,1,0,0,1,0,2,1,0.229,0.294,0.362,0.656,5,11,R,J.Gray(56)
363,142,Sep 13,True,PHI,"L,1-2",31,31,1,4,0,0,1,1,0,0,7,0,0,0,0,0,0,0,0.228,0.293,0.361,0.654,3,10,L,B.Falter(64)
364,143,Sep 14,True,PHI,"L,1-6",33,33,1,8,0,0,0,1,0,0,11,0,0,0,0,0,0,0,0.228,0.293,0.36,0.653,5,9,R,K.Gibson(63)
365,144,Sep 15,True,PHI,"W,5-3",35,29,5,7,2,0,2,5,5,0,4,0,0,1,0,0,0,0,0.228,0.293,0.361,0.654,6,10,R,N.Syndergaard(46)
366,145,Sep 16,False,WSN,"L,4-5",39,36,4,11,1,0,1,4,3,0,8,0,0,0,0,0,1,0,0.229,0.294,0.361,0.655,8,10,R,J.Gray(42)
367,146,Sep 17,False,WSN,"L,3-5",34,34,3,8,1,0,1,3,0,0,8,0,0,0,0,1,1,0,0.229,0.293,0.361,0.655,4,9,R,E.Fedde(39)
368,147,Sep 18,False,WSN,"W,3-1",37,32,3,6,1,0,1,3,4,0,5,1,0,0,1,1,1,0,0.229,0.293,0.361,0.654,7,10,R,A.Sánchez(57)
369,148,Sep 19,True,CHC,"W,10-3",42,38,10,14,2,0,3,9,3,0,7,1,0,0,1,1,2,0,0.23,0.294,0.363,0.658,8,9,L,W.Miley(25)
370,149,Sep 20,True,CHC,"L,1-2",34,33,1,9,1,0,0,1,1,0,6,0,0,0,0,2,0,1,0.23,0.294,0.363,0.657,6,11,R,A.Sampson(54)
371,150,Sep 21,True,CHC,"L,3-4",35,33,3,6,2,0,2,3,2,0,13,0,0,0,0,0,0,0,0.23,0.294,0.363,0.657,5,10,R,M.Stroman(56)
372,151,Sep 23,True,WSN,"W,5-2",37,31,5,9,2,0,0,4,3,0,4,2,0,1,1,1,1,0,0.23,0.295,0.363,0.658,8,10,R,J.Gray(42)
373,152,Sep 24,True,WSN,"W,4-1",34,33,4,10,4,0,1,4,1,0,8,0,0,0,0,1,0,0,0.231,0.295,0.364,0.659,6,9,R,E.Fedde(38)
374,153,Sep 25,True,WSN,"L,1-6",35,32,1,6,2,0,1,1,3,0,6,0,0,0,1,2,0,0,0.23,0.295,0.364,0.659,7,9,R,A.Sánchez(65)
375,154,Sep 27,False,NYM,"W,6-4",42,35,6,11,3,0,1,5,4,0,10,2,0,1,1,3,0,0,0.231,0.295,0.365,0.66,9,11,R,C.Carrasco(32)
376,155,Sep 28,False,NYM,"L,4-5",40,36,4,7,3,0,1,4,3,0,18,0,0,1,0,0,0,0,0.231,0.295,0.365,0.66,7,9,R,T.Walker(49)
377,156,Sep 29,False,MIL,"W,4-2",35,32,4,5,0,0,1,4,2,0,14,0,0,0,1,1,1,0,0.23,0.294,0.364,0.659,4,11,L,E.Lauer(74)
378,157,Sep 30,False,MIL,"L,0-1",32,30,0,5,0,0,0,0,2,0,10,0,0,0,0,1,0,0,0.23,0.294,0.363,0.657,5,10,R,C.Burnes(81)
379,158,Oct 1,False,MIL,"W,4-3",33,31,4,4,0,0,1,4,2,0,9,0,0,0,0,0,1,0,0.229,0.293,0.362,0.656,2,11,L,A.Ashby(55)
380,159,Oct 2,False,MIL,"W,4-3",47,43,4,10,1,0,0,4,2,0,11,1,0,1,0,2,0,0,0.229,0.293,0.361,0.655,10,13,R,F.Peralta(62)
381,160,Oct 3,True,ATL,"W,4-0",34,32,4,9,3,0,1,4,2,0,7,0,0,0,1,2,1,0,0.23,0.293,0.362,0.655,6,9,R,B.Elder(43)
382,161,Oct 4,True,ATL,"L,1-2",35,31,1,4,2,0,1,1,4,0,14,0,0,0,0,0,1,0,0.229,0.293,0.362,0.655,7,12,R,J.Odorizzi(65)
383,162,Oct 5,True,ATL,"W,12-9",41,35,12,13,0,2,2,11,6,0,5,0,0,0,0,2,1,0,0.23,0.294,0.363,0.658,5,9,R,J.Stephens(35)
384,1,Mar 30,True,NYM,"L,3-5",32,30,3,5,3,0,1,3,2,0,12,0,0,0,0,2,0,0,0.167,0.219,0.367,0.585,2,10,R,M.Scherzer(56)
385,2,Mar 31,True,NYM,"W,2-1",33,32,2,10,0,1,2,2,1,0,5,0,0,0,0,1,0,0,0.242,0.277,0.468,0.745,7,11,L,D.Peterson(51)
386,3,Apr 1,True,NYM,"L,2-6",39,36,2,10,2,0,1,2,3,0,12,0,0,0,0,1,0,0,0.255,0.298,0.449,0.747,10,9,R,T.Megill(52)
387,4,Apr 2,True,NYM,"L,1-5",34,29,1,4,1,0,0,1,5,0,12,0,0,0,0,2,0,0,0.228,0.29,0.386,0.676,6,9,R,K.Senga(63)
388,5,Apr 3,True,MIN,"L,1-11",37,36,1,12,2,0,0,1,1,0,11,0,0,0,0,2,0,0,0.252,0.303,0.387,0.689,9,11,R,T.Mahle(59)
389,6,Apr 4,True,MIN,"W,1-0",27,26,1,3,0,0,1,1,1,0,12,0,0,0,0,1,1,0,0.233,0.282,0.365,0.647,2,9,R,K.Maeda(66)
390,7,Apr 5,True,MIN,"W,5-2",30,29,5,7,0,0,2,5,1,0,10,0,0,0,0,0,1,2,0.234,0.28,0.376,0.656,1,11,R,P.López(74)
391,8,Apr 7,False,NYM,"L,3-9",35,31,3,6,1,0,1,3,4,0,7,0,0,0,0,2,0,0,0.229,0.281,0.369,0.65,5,9,R,T.Megill(67)
392,9,Apr 8,False,NYM,"L,2-5",37,32,2,5,0,0,1,2,5,0,7,0,0,0,0,0,0,0,0.221,0.28,0.356,0.635,8,9,R,K.Senga(65)
393,10,Apr 9,False,NYM,"W,7-2",42,36,7,11,1,0,2,7,5,0,7,0,0,1,0,1,5,0,0.23,0.292,0.372,0.664,8,11,R,C.Carrasco(26)
394,11,Apr 10,False,PHI,"L,3-15",40,35,3,9,0,0,1,2,4,0,7,1,0,0,0,1,0,0,0.233,0.298,0.369,0.667,10,11,L,M.Strahm(64)
395,12,Apr 11,False,PHI,"W,8-4",43,40,8,14,3,2,2,8,3,0,10,0,0,0,1,1,2,0,0.245,0.308,0.401,0.708,8,11,R,A.Nola(41)
396,13,Apr 12,False,PHI,"W,3-2",41,37,3,8,3,0,1,3,4,0,12,0,0,0,0,0,1,0,0.242,0.306,0.399,0.705,9,11,R,Z.Wheeler(65)
397,14,Apr 14,True,ARI,"W,5-1",36,34,5,11,2,0,0,5,1,0,2,1,0,0,0,0,1,0,0.248,0.31,0.397,0.708,7,10,L,M.Bumgarner(29)
398,15,Apr 15,True,ARI,"W,3-2",31,30,3,9,1,0,1,3,0,0,5,0,0,0,0,2,0,0,0.252,0.31,0.4,0.709,4,10,R,R.Nelson(62)
399,16,Apr 16,True,ARI,"L,0-5",31,29,0,4,1,0,0,0,1,0,8,1,0,0,0,2,0,0,0.245,0.303,0.387,0.69,4,10,R,Z.Gallen(77)
400,17,Apr 17,True,SFG,"W,4-3",32,31,4,9,1,0,1,4,0,0,6,1,0,0,0,2,1,0,0.248,0.304,0.389,0.693,4,11,R,L.Webb(48)
401,18,Apr 18,True,SFG,"W,4-2",34,30,4,9,2,0,1,4,1,0,8,0,1,1,0,1,2,0,0.25,0.304,0.393,0.697,6,9,L,A.Wood(53)
402,19,Apr 19,True,SFG,"L,2-5",48,43,2,10,1,0,0,2,4,2,16,1,0,0,0,0,3,0,0.249,0.305,0.383,0.688,15,11,R,A.Cobb(56)
403,20,Apr 22 (1),False,CLE,"W,6-1",39,31,6,7,2,0,1,6,7,0,5,0,1,0,1,2,0,1,0.248,0.308,0.384,0.692,6,9,R,S.Bieber(49)
404,21,Apr 22 (2),False,CLE,"W,3-2",42,36,3,11,6,0,0,3,4,1,6,0,1,1,0,0,2,0,0.251,0.311,0.388,0.7,12,10,R,Z.Plesac(38)
405,22,Apr 23,False,CLE,"L,4-7",36,34,4,8,1,0,2,4,2,0,11,0,0,0,0,1,1,0,0.25,0.31,0.391,0.7,5,9,L,L.Allen(65)
406,23,Apr 24,False,ATL,"L,0-11",31,31,0,2,0,0,0,0,0,0,14,0,0,0,2,0,0,0,0.243,0.301,0.377,0.678,4,12,R,S.Strider(91)
407,24,Apr 25,False,ATL,"L,4-7",38,35,4,10,1,0,2,4,2,0,11,0,1,0,0,1,1,0,0.245,0.302,0.382,0.684,7,10,R,C.Morton(74)
408,25,Apr 26,False,ATL,"L,4-6",36,32,4,5,1,0,3,4,4,0,7,0,0,0,0,0,0,0,0.241,0.3,0.385,0.685,5,10,R,B.Elder(43)
409,26,Apr 27,False,ATL,"W,5-4",39,37,5,11,2,0,0,5,2,0,14,0,0,0,0,1,2,0,0.244,0.301,0.384,0.685,7,12,R,K.Wright(60)
410,27,Apr 28,True,CHC,"W,3-2",33,29,3,8,0,0,0,2,2,0,6,2,0,0,0,2,3,0,0.245,0.303,0.38,0.684,6,10,R,M.Stroman(54)
411,28,Apr 29,True,CHC,"W,7-6",41,35,7,12,3,0,0,6,4,1,11,2,0,0,0,1,0,0,0.248,0.309,0.382,0.691,10,9,R,C.Kilian(14)
412,29,Apr 30,True,CHC,"W,4-3",32,28,4,8,2,0,0,3,2,0,4,1,0,1,0,1,1,1,0.249,0.31,0.382,0.691,4,10,L,J.Steele(50)
413,30,May 2,True,ATL,"L,0-6",32,30,0,4,1,0,0,0,2,0,9,0,0,0,1,1,0,0,0.246,0.306,0.375,0.681,5,10,R,B.Elder(77)
414,31,May 3,True,ATL,"L,6-14",40,38,6,12,3,0,1,5,2,0,11,0,0,0,1,0,0,1,0.249,0.308,0.379,0.686,7,12,R,K.Wright(32)
415,32,May 4,True,ATL,"L,3-6",38,35,3,10,1,0,1,3,3,1,3,0,0,0,0,1,1,1,0.25,0.309,0.379,0.688,8,10,L,D.Dodd(42)
416,33,May 5,False,CHC,"L,1-4",33,30,1,8,0,0,0,1,0,0,5,1,1,1,0,2,0,0,0.25,0.308,0.376,0.684,5,9,L,J.Steele(65)
417,34,May 6,False,CHC,"L,2-4",34,31,2,6,0,0,1,2,3,0,8,0,0,0,0,1,0,1,0.249,0.307,0.374,0.681,5,10,L,D.Smyly(48)
418,35,May 7,False,CHC,"W,5-4",51,48,5,9,1,1,1,4,1,0,10,0,1,1,0,1,1,0,0.246,0.303,0.371,0.674,9,12,R,H.Wesneski(64)
419,36,May 8,False,ARI,"L,2-5",36,35,2,9,3,0,0,2,1,0,8,0,0,0,0,1,0,0,0.246,0.302,0.371,0.672,7,12,R,Z.Gallen(69)
420,37,May 9,False,ARI,"W,6-2",36,34,6,9,3,0,2,6,2,0,4,0,0,0,0,1,2,1,0.247,0.302,0.375,0.677,3,9,R,B.Pfaadt(30)
421,38,May 10,False,ARI,"W,5-4",35,33,5,7,4,0,1,5,1,0,10,0,1,0,0,0,0,0,0.246,0.3,0.376,0.677,3,10,R,M.Kelly(53)
422,39,May 12,True,CIN,"L,4-7",37,34,4,7,1,1,2,3,3,0,8,0,0,0,1,0,0,1,0.245,0.3,0.379,0.678,6,10,R,G.Ashcraft(44)
423,40,May 13,True,CIN,"L,5-6",43,34,5,9,1,0,2,5,9,0,8,0,0,0,0,1,2,0,0.246,0.303,0.381,0.684,11,11,R,D.Law(51)
424,41,May 14,True,CIN,"W,3-1",37,35,3,11,4,0,0,3,2,1,9,0,0,0,1,0,0,0,0.247,0.304,0.382,0.686,10,9,R,L.Weaver(55)
425,42,May 16,True,WSN,"W,5-4",40,37,5,12,3,0,1,4,3,1,7,0,0,0,0,1,2,0,0.249,0.306,0.385,0.691,9,10,R,J.Gray(59)
426,43,May 17,True,WSN,"W,4-3",33,30,4,8,2,1,1,4,2,0,10,0,0,1,0,1,0,0,0.25,0.306,0.387,0.693,5,10,L,M.Gore(47)
427,44,May 18,True,WSN,"W,5-3",36,34,5,9,1,0,1,5,1,0,6,1,0,0,1,0,3,0,0.25,0.306,0.387,0.693,7,10,R,T.Williams(54)
428,45,May 19,False,SFG,"L,3-4",36,33,3,6,2,0,1,3,3,0,10,0,0,0,0,0,0,0,0.249,0.305,0.386,0.691,6,11,R,A.DeSclafani(54)
429,46,May 20,False,SFG,"W,1-0",35,31,1,5,0,0,0,1,3,1,11,0,1,0,2,2,2,0,0.247,0.303,0.382,0.685,7,10,R,L.Webb(69)
430,47,May 21,False,SFG,"L,5-7",38,38,5,13,0,0,2,4,0,0,7,0,0,0,0,1,0,1,0.249,0.304,0.384,0.689,6,11,L,A.Wood(40)
431,48,May 22,False,COL,"L,3-5",40,35,3,11,1,0,0,3,3,0,4,1,1,0,1,2,0,0,0.25,0.306,0.383,0.69,10,9,R,C.Anderson(44)
432,49,May 23,False,COL,"L,4-5",40,38,4,11,1,0,2,4,2,0,6,0,0,0,0,0,0,0,0.251,0.306,0.386,0.692,9,11,L,A.Gomber(50)
433,50,May 24,False,COL,"W,10-2",41,35,10,14,4,1,2,9,3,0,6,1,0,2,0,3,2,0,0.254,0.309,0.393,0.702,4,11,R,K.Kauffmann(30)
434,51,May 25,False,COL,"L,6-7",44,38,6,12,1,2,2,6,5,0,10,1,0,0,0,1,0,0,0.256,0.312,0.398,0.709,11,11,L,K.Freeland(47)
435,52,May 26,False,LAA,"W,6-2",45,41,6,16,0,0,2,6,4,0,12,0,0,0,0,1,0,1,0.259,0.315,0.401,0.716,12,10,L,R.Detmers(38)
436,53,May 27,False,LAA,"W,8-5",46,37,8,8,0,0,1,7,9,2,17,0,0,0,2,3,0,0,0.258,0.316,0.399,0.715,9,12,R,S.Ohtani(61)
437,54,May 28,False,LAA,"W,2-0",37,34,2,9,1,0,1,2,2,1,7,1,0,0,0,2,1,0,0.258,0.316,0.398,0.715,8,10,L,P.Sandoval(48)
438,55,May 30,True,SDP,"L,4-9",42,33,4,10,0,0,1,4,8,0,7,0,1,0,0,3,1,0,0.259,0.319,0.398,0.717,11,11,L,R.Weathers(37)
439,56,May 31,True,SDP,"W,2-1",34,27,2,6,0,0,0,2,5,0,8,0,2,0,0,3,1,0,0.258,0.319,0.396,0.715,7,11,L,B.Snell(70)
440,57,Jun 1,True,SDP,"L,1-10",32,28,1,4,0,0,0,1,3,0,5,0,0,1,0,2,1,0,0.257,0.318,0.392,0.71,4,12,R,J.Musgrove(64)
441,58,Jun 2,True,OAK,"W,4-0",32,32,4,9,1,0,1,4,0,0,8,0,0,0,0,0,0,0,0.257,0.317,0.392,0.71,4,10,R,S.Fujinami(42)
442,59,Jun 3,True,OAK,"W,12-1",47,36,12,14,7,0,0,11,7,0,4,2,0,2,0,0,1,0,0.26,0.321,0.396,0.717,11,11,R,L.Medina(18)
443,60,Jun 4,True,OAK,"W,7-5",39,35,7,12,4,1,1,6,3,0,6,0,0,1,0,0,0,0,0.261,0.322,0.399,0.721,8,12,R,P.Blackburn(34)
444,61,Jun 5,True,KCR,"W,9-6",36,35,9,11,3,1,1,9,1,0,5,0,0,0,1,1,0,0,0.262,0.322,0.402,0.724,3,9,R,C.Hernández(59)
445,62,Jun 6,True,KCR,"W,6-1",35,32,6,7,1,0,1,5,3,0,8,0,0,0,1,1,0,0,0.261,0.322,0.401,0.723,5,9,R,Z.Greinke(38)
446,63,Jun 7,True,KCR,"W,6-1",32,31,6,8,1,0,1,6,1,0,3,0,0,0,0,1,0,0,0.261,0.321,0.401,0.722,2,10,R,J.Lyles(46)
447,64,Jun 9,False,CHW,"L,1-2",32,30,1,4,1,0,1,1,2,0,7,0,0,0,0,1,0,0,0.259,0.319,0.399,0.718,4,10,R,D.Cease(65)
448,65,Jun 10,False,CHW,"W,5-1",44,37,5,10,2,0,0,4,5,0,10,2,0,0,0,1,2,0,0.26,0.32,0.398,0.718,12,11,R,M.Kopech(62)
449,66,Jun 11,False,CHW,"W,6-5",40,37,6,10,2,0,4,6,2,0,9,0,0,0,0,0,0,0,0.26,0.32,0.402,0.722,7,12,R,L.Giolito(68)
450,67,Jun 12,False,SEA,"L,1-8",31,28,1,1,0,0,1,1,3,0,7,0,0,0,1,1,0,0,0.257,0.318,0.399,0.716,3,10,R,B.Miller(69)
451,68,Jun 13,False,SEA,"L,3-9",37,34,3,7,1,0,1,3,2,0,10,1,0,0,1,1,0,0,0.256,0.317,0.397,0.715,7,9,R,G.Kirby(74)
452,69,Jun 14,False,SEA,"W,4-1",40,30,4,6,1,0,1,3,8,0,11,1,0,1,0,1,1,0,0.256,0.318,0.397,0.715,9,10,R,L.Castillo(57)
453,70,Jun 16,False,WSN,"W,6-5",39,35,6,11,1,0,1,6,4,0,6,0,0,0,0,3,0,0,0.256,0.319,0.397,0.716,6,11,R,T.Williams(28)
454,71,Jun 17,False,WSN,"W,5-2",40,32,5,7,1,0,0,4,7,1,7,0,0,1,0,2,0,0,0.256,0.32,0.395,0.715,8,9,R,J.Irvin(57)
455,72,Jun 18,False,WSN,"W,4-2",41,37,4,12,0,0,0,4,2,0,5,0,0,2,0,0,2,0,0.257,0.32,0.394,0.714,10,11,L,P.Corbin(37)
456,73,Jun 19,True,TOR,"W,11-0",47,42,11,19,3,0,1,11,2,0,8,2,0,1,0,1,0,0,0.26,0.323,0.397,0.72,12,12,R,J.Berríos(29)
457,74,Jun 20,True,TOR,"L,0-2",31,30,0,6,2,0,0,0,0,0,7,0,1,0,0,2,0,0,0.26,0.321,0.396,0.717,4,11,L,Y.Kikuchi(74)
458,75,Jun 21,True,TOR,"L,3-6",37,34,3,9,2,0,0,3,2,0,9,1,0,0,0,2,0,0,0.26,0.321,0.395,0.716,7,11,R,K.Gausman(49)
459,76,Jun 22,True,PIT,"W,6-4",35,33,6,10,2,0,1,6,1,0,5,0,0,1,0,0,0,0,0.26,0.321,0.396,0.717,5,9,R,M.Keller(68)
460,77,Jun 23,True,PIT,"L,1-3",35,32,1,7,0,0,0,1,2,0,7,1,0,0,0,3,0,0,0.26,0.321,0.394,0.714,7,9,R,L.Ortiz(67)
461,78,Jun 24,True,PIT,"W,4-3",45,40,4,12,2,0,1,4,3,1,5,0,1,1,0,1,0,0,0.26,0.321,0.394,0.715,12,12,R,O.Bido(48)
462,79,Jun 25,True,PIT,"W,2-0",32,32,2,9,2,0,1,2,0,0,6,0,0,0,0,0,0,0,0.261,0.321,0.395,0.715,6,12,R,J.Oviedo(67)
463,80,Jun 27,False,BOS,"W,10-1",47,45,10,19,4,0,2,10,1,0,10,1,0,0,0,0,0,1,0.263,0.323,0.399,0.721,10,12,R,G.Whitlock(25)
464,81,Jun 28,False,BOS,"W,6-2",39,32,6,7,1,0,2,5,6,0,11,0,1,0,0,1,1,0,0.263,0.323,0.399,0.722,6,9,R,K.Ort(49)
465,82,Jun 29,False,BOS,"W,2-0",34,32,2,7,0,0,1,2,2,1,7,0,0,0,1,2,1,1,0.262,0.322,0.398,0.721,5,10,R,B.Bello(73)
466,83,Jun 30,False,ATL,"L,4-16",36,35,4,8,2,0,2,4,1,0,10,0,0,0,1,1,0,0,0.262,0.322,0.399,0.72,5,11,R,M.Soroka(55)
467,84,Jul 1,False,ATL,"L,0-7",35,33,0,6,1,0,0,0,2,0,6,0,0,0,0,0,0,0,0.261,0.321,0.397,0.717,8,9,R,C.Morton(65)
468,85,Jul 2,False,ATL,"L,3-6",36,35,3,8,1,0,0,3,1,0,12,0,0,0,1,0,0,1,0.26,0.32,0.395,0.715,6,12,R,S.Strider(60)
469,86,Jul 3,True,STL,"W,5-4",30,28,5,6,3,0,0,5,2,0,4,0,0,0,0,0,0,1,0.26,0.319,0.394,0.713,1,11,R,M.Mikolas(49)
470,87,Jul 4,True,STL,"W,15-2",50,43,15,19,5,0,2,14,6,0,7,1,0,0,0,1,1,0,0.263,0.322,0.399,0.721,11,12,R,A.Wainwright(25)
471,88,Jul 5,True,STL,"W,10-9",42,36,10,12,4,0,1,9,6,0,5,0,0,0,0,2,0,0,0.263,0.324,0.4,0.724,7,12,L,M.Liberatore(24)
472,89,Jul 6,True,STL,"L,0-3",37,35,0,9,2,0,0,0,2,0,7,0,0,0,0,1,0,0,0.263,0.323,0.399,0.723,10,9,R,J.Flaherty(59)
473,90,Jul 7,True,PHI,"L,3-4",35,35,3,9,2,0,1,3,0,0,9,0,0,0,0,1,0,0,0.263,0.323,0.399,0.722,5,11,R,Z.Wheeler(53)
474,91,Jul 8,True,PHI,"W,5-3",37,31,5,10,0,0,1,5,5,0,6,0,0,1,1,1,1,1,0.264,0.324,0.399,0.723,8,11,L,R.Suárez(39)
475,92,Jul 9,True,PHI,"W,7-3",36,36,7,13,2,0,3,7,0,0,8,0,0,0,1,1,0,0,0.265,0.324,0.403,0.727,5,9,R,A.Nola(44)
476,93,Jul 14,False,BAL,"L,2-5",35,32,2,5,1,0,1,2,2,0,11,1,0,0,1,1,0,0,0.264,0.323,0.401,0.724,6,10,R,D.Kremer(70)
477,94,Jul 15,False,BAL,"L,5-6",41,37,5,11,1,1,0,5,3,0,3,0,0,1,0,1,0,0,0.264,0.323,0.401,0.724,9,11,R,K.Gibson(29)
478,95,Jul 16,False,BAL,"L,4-5",37,35,4,8,4,0,0,4,1,0,8,1,0,0,0,0,0,0,0.264,0.323,0.4,0.723,6,11,R,K.Bradish(79)
479,96,Jul 17,False,STL,"L,4-6",40,38,4,12,2,0,2,4,1,0,4,1,0,0,0,1,0,0,0.265,0.323,0.402,0.725,9,10,R,M.Mikolas(49)
480,97,Jul 18,False,STL,"L,2-5",42,39,2,11,0,1,0,2,2,0,13,0,0,1,0,1,1,0,0.265,0.323,0.401,0.724,11,12,L,J.Montgomery(59)
481,98,Jul 19,False,STL,"L,4-6",38,37,4,12,2,0,1,4,1,0,4,0,0,0,0,2,0,0,0.265,0.323,0.402,0.725,7,11,R,D.Hudson(42)
482,99,Jul 21,True,COL,"L,1-6",36,34,1,7,1,0,0,1,2,0,8,0,0,0,0,0,0,0,0.265,0.322,0.4,0.722,8,10,R,P.Lambert(63)
483,100,Jul 22,True,COL,"L,3-4",36,33,3,9,1,1,0,3,2,0,8,0,0,1,0,2,1,0,0.265,0.322,0.4,0.722,6,11,R,C.Anderson(51)
484,101,Jul 23,True,COL,"W,3-2",37,32,3,7,2,0,0,3,3,1,8,0,1,1,0,1,0,0,0.264,0.322,0.399,0.72,7,12,L,T.Blach(57)
485,102,Jul 25,False,TBR,"L,1-4",30,28,1,2,0,0,0,0,2,0,11,0,0,0,0,0,0,1,0.263,0.32,0.396,0.716,2,9,R,T.Glasnow(75)
486,103,Jul 26,False,TBR,"W,7-1",40,36,7,11,4,1,1,7,2,1,10,0,1,1,0,0,0,0,0.263,0.32,0.398,0.718,6,10,R,Z.Eflin(30)
487,104,Jul 28,True,DET,"W,6-5",35,34,6,12,3,0,1,6,0,0,4,0,0,1,1,1,0,0,0.264,0.321,0.399,0.719,5,10,R,R.Olson(42)
488,105,Jul 29,True,DET,"L,0-5",36,34,0,7,0,0,0,0,2,0,11,0,0,0,0,0,0,0,0.264,0.32,0.397,0.717,9,12,R,B.Brieske(52)
489,106,Jul 30,True,DET,"W,8-6",38,37,8,13,2,1,2,8,1,0,6,0,0,0,1,1,1,0,0.265,0.32,0.399,0.72,6,10,L,T.Skubal(40)
490,107,Jul 31,True,PHI,"L,2-4",36,33,2,7,1,0,1,2,3,0,5,0,0,0,0,1,1,0,0.264,0.32,0.399,0.719,7,10,R,T.Walker(56)
491,108,Aug 1,True,PHI,"L,1-3",39,34,1,11,2,0,0,1,4,0,5,0,1,0,0,2,0,0,0.265,0.321,0.399,0.719,11,10,L,R.Suárez(50)
492,109,Aug 2,True,PHI,"W,9-8",52,44,9,13,2,0,3,9,5,1,6,2,0,1,0,1,0,0,0.265,0.322,0.4,0.722,13,12,R,Z.Wheeler(57)
493,110,Aug 3,True,PHI,"L,2-4",34,33,2,7,3,0,1,2,1,0,6,0,0,0,0,1,0,0,0.265,0.321,0.4,0.721,5,11,R,M.Lorenzen(66)
494,111,Aug 4,False,TEX,"L,2-6",34,33,2,7,2,0,1,2,1,0,10,0,0,0,0,1,0,0,0.264,0.32,0.4,0.72,5,11,L,J.Montgomery(57)
495,112,Aug 5,False,TEX,"L,8-9",42,35,8,11,2,0,2,8,5,0,12,0,1,1,0,0,0,1,0.265,0.321,0.401,0.722,7,11,R,J.Gray(38)
496,113,Aug 6,False,TEX,"L,0-6",33,31,0,6,2,0,0,0,2,0,5,0,0,0,0,2,0,0,0.264,0.32,0.4,0.72,6,9,L,A.Heaney(63)
497,114,Aug 7,False,CIN,"L,2-5",34,32,2,5,0,0,2,2,2,0,12,0,0,0,1,1,0,0,0.263,0.319,0.4,0.719,5,13,L,B.Williamson(73)
498,115,Aug 8,False,CIN,"W,3-2",35,33,3,7,3,0,1,3,1,0,10,1,0,0,0,1,0,0,0.263,0.319,0.4,0.718,5,11,R,L.Weaver(54)
499,116,Aug 9,False,CIN,"W,5-4",36,34,5,8,1,0,3,5,2,0,10,0,0,0,0,1,0,0,0.262,0.318,0.401,0.719,4,10,R,G.Ashcraft(73)
500,117,Aug 11,True,NYY,"L,4-9",34,33,4,6,3,1,1,4,1,0,7,0,0,0,0,0,0,0,0.262,0.318,0.401,0.718,3,9,R,I.Hamilton(44)
501,118,Aug 12,True,NYY,"W,3-1",32,31,3,8,0,0,1,3,0,0,9,1,0,0,0,1,0,0,0.262,0.317,0.401,0.718,5,9,R,M.King(43)
502,119,Aug 13,True,NYY,"W,8-7",41,36,8,11,2,1,0,7,5,0,10,0,0,0,1,1,0,0,0.262,0.318,0.401,0.719,8,12,R,G.Cole(56)
503,120,Aug 14,True,HOU,"W,5-1",32,31,5,7,2,0,3,4,1,0,5,0,0,0,0,0,1,0,0.262,0.317,0.402,0.72,3,12,L,F.Valdez(56)
504,121,Aug 15,True,HOU,"L,5-6",36,34,5,8,1,1,1,4,2,0,7,0,0,0,1,2,1,0,0.262,0.317,0.402,0.719,4,10,R,C.Javier(35)
505,122,Aug 16,True,HOU,"L,5-12",39,36,5,9,3,0,0,4,3,0,5,0,0,0,0,0,0,0,0.262,0.317,0.402,0.719,7,9,R,J.Verlander(31)
506,123,Aug 18,False,LAD,"W,11-3",42,36,11,9,1,1,5,11,6,0,8,0,0,0,0,0,0,0,0.261,0.317,0.405,0.722,4,12,R,T.Gonsolin(2)
507,124,Aug 19 (1),False,LAD,"L,1-3",33,31,1,5,1,0,0,1,1,0,6,1,0,0,0,0,0,0,0.261,0.317,0.403,0.72,5,9,L,C.Ferguson(49)
508,125,Aug 19 (2),False,LAD,"L,1-3",35,34,1,8,1,0,1,1,0,0,6,1,0,0,0,1,2,0,0.26,0.316,0.403,0.719,7,10,L,J.Urías(68)
509,126,Aug 21,False,SDP,"L,2-6",36,33,2,7,2,0,1,2,3,0,12,0,0,0,0,1,0,0,0.26,0.316,0.402,0.718,7,12,R,M.Wacha(59)
510,127,Aug 22,False,SDP,"W,3-0",38,34,3,8,0,0,1,2,3,0,9,0,0,0,0,0,0,0,0.26,0.316,0.402,0.717,8,12,L,B.Snell(54)
511,128,Aug 23,False,SDP,"L,0-4",35,32,0,4,1,0,0,0,3,0,9,0,0,0,1,0,1,0,0.259,0.315,0.4,0.715,8,13,R,S.Lugo(69)
512,129,Aug 25,True,WSN,"L,4-7",36,35,4,9,2,1,0,4,0,0,6,1,0,0,0,1,1,0,0.259,0.315,0.4,0.714,5,9,R,J.Adon(69)
513,130,Aug 26,True,WSN,"L,2-3",35,31,2,7,1,0,2,2,4,0,5,0,0,0,0,2,0,1,0.259,0.315,0.4,0.715,6,11,R,J.Irvin(60)
514,131,Aug 27,True,WSN,"W,2-1",32,30,2,6,2,0,1,2,2,0,5,0,0,0,0,0,0,0,0.258,0.314,0.4,0.714,6,11,R,T.Williams(62)
515,132,Aug 29,True,TBR,"L,2-11",38,37,2,10,2,0,1,2,1,0,7,0,0,0,0,0,0,0,0.258,0.314,0.4,0.714,9,11,R,A.Civale(50)
516,133,Aug 30,True,TBR,"L,0-3",33,32,0,4,2,0,0,0,1,0,8,0,0,0,0,1,0,0,0.257,0.313,0.398,0.711,4,10,R,Z.Eflin(69)
517,134,Aug 31,False,WSN,"W,6-1",41,38,6,13,2,0,2,5,1,0,8,2,0,0,1,2,0,0,0.258,0.314,0.4,0.713,8,9,R,J.Adon(31)
518,135,Sep 1,False,WSN,"W,8-5",45,39,8,9,1,0,1,8,5,1,7,0,0,1,0,2,1,0,0.258,0.314,0.399,0.713,6,13,R,J.Irvin(48)
519,136,Sep 2,False,WSN,"W,11-5",45,44,11,18,1,0,4,11,0,0,5,0,0,1,1,0,0,0,0.259,0.314,0.402,0.716,7,12,R,T.Williams(7)
520,137,Sep 3,False,WSN,"W,6-4",41,35,6,10,2,0,1,4,5,1,8,1,0,0,1,2,1,0,0.26,0.315,0.402,0.717,8,10,R,J.Gray(40)
521,138,Sep 5,True,LAD,"W,6-3",36,30,6,8,0,0,4,6,5,0,6,1,0,0,0,2,1,0,0.26,0.315,0.404,0.719,6,12,L,C.Kershaw(43)
522,139,Sep 6,True,LAD,"W,11-4",41,37,11,13,5,0,3,11,3,0,3,0,0,0,1,1,0,0,0.26,0.316,0.406,0.722,6,15,R,L.Lynn(16)
523,140,Sep 7,True,LAD,"L,0-10",29,29,0,2,0,0,0,0,0,0,6,0,0,0,0,0,0,0,0.259,0.315,0.404,0.719,2,13,R,R.Pepiot(78)
524,141,Sep 8,False,PHI,"W,3-2",36,34,3,7,1,0,2,3,2,0,8,0,0,0,0,0,0,0,0.259,0.314,0.404,0.719,6,11,L,C.Sánchez(62)
525,142,Sep 9,False,PHI,"L,4-8",37,36,4,10,4,0,1,4,0,0,12,0,0,1,1,1,0,0,0.259,0.314,0.405,0.719,6,9,R,A.Nola(39)
526,143,Sep 10,False,PHI,"W,5-4",37,32,5,5,2,0,1,5,5,0,14,0,0,0,0,0,2,0,0.258,0.314,0.404,0.718,5,12,L,R.Suárez(64)
527,144,Sep 11,False,MIL,"L,0-12",33,32,0,6,0,0,0,0,1,0,7,0,0,0,0,0,1,0,0.258,0.313,0.403,0.716,6,14,R,B.Woodruff(81)
528,145,Sep 12,False,MIL,"L,1-3",30,29,1,2,0,0,1,1,1,0,12,0,0,0,0,0,0,0,0.257,0.312,0.402,0.713,2,11,R,F.Peralta(74)
529,146,Sep 13,False,MIL,"W,2-0",35,33,2,8,2,0,0,2,2,0,7,0,0,0,0,1,0,0,0.257,0.312,0.401,0.713,6,10,R,T.Megill(52)
530,147,Sep 14,False,MIL,"L,2-4",34,32,2,6,1,0,0,2,1,0,8,0,0,1,0,0,1,0,0.256,0.311,0.4,0.711,5,9,R,A.Houser(54)
531,148,Sep 15,True,ATL,"W,9-6",39,35,9,13,4,1,2,9,2,1,9,1,0,0,0,2,0,0,0.257,0.312,0.402,0.714,6,12,R,B.Elder(39)
532,149,Sep 16,True,ATL,"W,11-5",44,36,11,14,1,0,4,11,8,0,10,0,0,0,0,0,4,0,0.258,0.313,0.404,0.718,9,12,L,J.Shuster(25)
533,150,Sep 17,True,ATL,"W,16-2",50,40,16,17,3,0,4,16,9,0,5,1,0,0,1,1,0,0,0.259,0.315,0.407,0.723,10,13,R,C.Morton(28)
534,151,Sep 18,True,NYM,"L,1-2",32,31,1,5,0,0,0,0,1,0,9,0,0,0,0,1,0,0,0.259,0.315,0.406,0.721,4,9,R,J.Buttó(65)
535,152,Sep 19,True,NYM,"W,4-3",39,31,4,8,3,0,0,3,4,1,8,3,1,0,0,1,1,0,0.259,0.315,0.406,0.721,9,12,L,J.Lucchesi(50)
536,153,Sep 20,True,NYM,"L,3-8",37,33,3,10,1,0,1,3,3,0,7,0,0,1,0,1,1,0,0.259,0.315,0.406,0.721,7,12,R,K.Senga(51)
537,154,Sep 22,True,MIL,"L,1-16",36,31,1,5,1,0,1,1,5,0,8,0,0,0,1,2,0,0,0.258,0.315,0.405,0.72,8,14,R,C.Burnes(67)
538,155,Sep 23,True,MIL,"W,5-4",37,31,5,8,1,0,1,4,5,0,10,0,0,1,1,0,1,0,0.258,0.315,0.405,0.72,8,12,R,B.Woodruff(43)
539,156,Sep 24,True,MIL,"W,6-1",40,38,6,17,2,0,3,6,2,0,7,0,0,0,0,3,2,0,0.26,0.316,0.407,0.724,10,11,R,F.Peralta(29)
540,157,Sep 27 (1),False,NYM,"L,2-11",40,35,2,9,3,1,0,2,4,0,5,0,0,1,1,1,1,0,0.26,0.317,0.407,0.724,11,9,L,J.Lucchesi(51)
541,158,Sep 27 (2),False,NYM,"W,4-2",43,36,4,7,0,0,2,3,6,1,13,1,0,0,1,0,3,0,0.259,0.317,0.407,0.724,12,11,R,K.Senga(58)
542,159,Sep 28,False,NYM,"L,0-1",31,26,0,4,0,0,0,0,4,0,9,1,0,0,0,1,0,1,0.259,0.316,0.406,0.722,7,9,L,D.Peterson(73)
543,160,Sep 29,False,PIT,"W,4-3",38,33,4,10,2,0,0,4,3,0,7,0,1,1,1,3,0,0,0.259,0.317,0.406,0.722,7,13,R,O.Bido(53)
544,161,Sep 30,False,PIT,"W,7-3",43,38,7,14,3,0,1,7,2,1,5,1,1,1,0,2,0,0,0.26,0.317,0.406,0.724,9,10,R,Q.Priester(34)
545,162,Oct 1,False,PIT,"L,0-3",30,29,0,3,0,0,0,0,1,0,11,0,0,0,1,1,0,1,0.259,0.316,0.405,0.721,3,9,R,A.Jackson(61)
546,1,Mar 28,True,PIT,"L,5-6",48,41,5,8,2,0,0,5,4,2,7,2,0,1,0,3,1,0,0.195,0.292,0.244,0.536,10,13,R,M.Keller(38)
547,2,Mar 29,True,PIT,"L,2-7",37,33,2,9,1,0,0,2,4,0,7,0,0,0,1,4,0,0,0.23,0.318,0.27,0.588,8,9,L,M.Pérez(46)
548,3,Mar 30,True,PIT,"L,3-9",35,33,3,5,1,0,0,3,2,0,13,0,0,0,1,0,0,0,0.206,0.283,0.243,0.526,5,10,R,J.Jones(59)
549,4,Mar 31,True,PIT,"L,7-9",41,37,7,7,1,0,3,7,4,0,11,0,0,0,0,0,0,0,0.201,0.28,0.299,0.578,5,13,L,B.Falter(27)
550,5,Apr 1,True,LAA,"L,4-7",39,34,4,9,2,0,0,4,4,0,9,0,0,0,0,3,0,0,0.213,0.291,0.303,0.595,8,11,R,C.Silseth(38)
551,6,Apr 2,True,LAA,"L,1-3",34,31,1,5,1,0,1,1,3,0,6,0,0,0,0,0,0,0,0.206,0.283,0.301,0.585,6,10,L,T.Anderson(72)
552,7,Apr 3,True,LAA,"L,2-10",33,30,2,4,1,0,0,2,2,0,9,1,0,0,0,1,0,0,0.197,0.274,0.285,0.559,4,11,L,P.Sandoval(58)
553,8,Apr 4,False,STL,"L,5-8",38,36,5,9,0,0,3,4,2,0,9,0,0,0,0,0,3,0,0.204,0.276,0.313,0.589,6,11,R,L.Lynn(38)
554,9,Apr 6,False,STL,"L,1-3",34,33,1,8,1,0,0,1,1,0,5,0,0,0,0,2,0,0,0.208,0.275,0.308,0.584,6,11,L,S.Matz(61)
555,10,Apr 7,False,STL,"W,10-3",44,40,10,13,1,1,2,10,2,0,8,1,0,1,0,0,0,0,0.221,0.285,0.336,0.622,7,11,R,K.Gibson(34)
556,11,Apr 8,False,NYY,"L,0-7",29,29,0,2,0,0,0,0,0,0,6,0,0,0,0,0,0,0,0.21,0.27,0.316,0.586,2,10,L,N.Cortés(84)
557,12,Apr 9,False,NYY,"L,2-3",34,30,2,5,1,0,0,2,3,0,7,0,0,1,0,1,2,0,0.206,0.267,0.307,0.575,5,12,L,C.Rodón(58)
558,13,Apr 10,False,NYY,"W,5-2",37,30,5,6,0,0,1,5,6,0,8,0,1,0,0,1,2,1,0.206,0.272,0.307,0.579,5,10,R,M.Stroman(46)
559,14,Apr 12,True,ATL,"L,1-8",34,32,1,6,0,0,0,1,1,0,7,1,0,0,0,1,0,0,0.205,0.27,0.299,0.568,6,11,L,M.Fried(64)
560,15,Apr 13,True,ATL,"W,5-1",34,31,5,8,1,0,1,5,3,0,7,0,0,0,0,1,0,0,0.208,0.273,0.304,0.577,5,10,L,C.Sale(49)
561,16,Apr 14,True,ATL,"L,7-9",37,35,7,9,3,0,2,6,2,0,14,0,0,0,0,1,0,0,0.211,0.275,0.318,0.593,3,11,R,C.Morton(38)
562,17,Apr 15,True,SFG,"L,3-4",38,36,3,10,1,0,1,3,1,0,5,0,1,0,1,0,1,1,0.215,0.276,0.322,0.598,8,12,L,K.Harrison(45)
563,18,Apr 16,True,SFG,"W,6-3",38,32,6,8,3,0,0,6,6,0,7,0,0,0,0,1,3,0,0.217,0.281,0.323,0.605,8,10,R,J.Hicks(55)
564,19,Apr 17,True,SFG,"L,1-3",31,30,1,6,0,0,1,1,1,0,6,0,0,0,0,2,0,1,0.216,0.279,0.322,0.601,3,12,R,K.Winn(63)
565,20,Apr 19,False,CHC,"L,3-8",35,34,3,6,1,0,1,3,1,0,9,0,0,0,1,0,0,0,0.214,0.275,0.321,0.596,5,11,R,J.Taillon(61)
566,21,Apr 20 (1),False,CHC,"W,3-2",40,33,3,8,2,0,1,3,5,0,6,1,0,1,0,1,0,0,0.216,0.279,0.324,0.603,10,12,R,J.Assad(54)
567,22,Apr 20 (2),False,CHC,"L,3-5",35,35,3,8,1,0,1,3,0,0,9,0,0,0,1,1,0,0,0.216,0.277,0.325,0.602,5,12,L,S.Imanaga(57)
568,23,Apr 21,False,CHC,"W,6-3",39,37,6,11,2,0,1,6,2,0,9,0,0,0,0,1,0,0,0.22,0.279,0.33,0.61,6,10,R,K.Hendricks(39)
569,24,Apr 22,False,ATL,"L,0-3",33,32,0,8,1,0,0,0,0,0,7,1,0,0,0,2,0,0,0.221,0.279,0.328,0.608,6,9,R,B.Elder(62)
570,25,Apr 23,False,ATL,"L,0-5",29,29,0,3,0,0,0,0,0,0,6,0,0,0,1,2,0,0,0.217,0.274,0.321,0.594,2,9,L,M.Fried(87)
571,26,Apr 24,False,ATL,"L,3-4",39,36,3,7,1,0,1,2,3,0,9,0,0,0,1,2,1,0,0.216,0.273,0.32,0.593,7,10,R,R.López(71)
572,27,Apr 26,True,WSN,"L,1-3",33,31,1,6,0,0,0,1,2,0,8,0,0,0,0,0,1,0,0.216,0.272,0.316,0.587,5,9,R,T.Williams(52)
573,28,Apr 27,True,WSN,"L,4-11",40,38,4,13,1,1,1,3,2,0,4,0,0,0,0,2,1,0,0.221,0.276,0.323,0.599,9,12,L,M.Parker(46)
574,29,Apr 28,True,WSN,"L,9-12",43,38,9,12,3,2,1,9,5,0,8,0,0,0,0,1,0,0,0.224,0.281,0.333,0.614,7,11,L,P.Corbin(26)
575,30,Apr 29,True,WSN,"L,2-7",31,31,2,4,1,0,1,2,0,0,5,0,0,0,0,0,0,0,0.221,0.276,0.331,0.607,2,11,R,J.Irvin(59)
576,31,Apr 30,True,COL,"W,7-6",39,34,7,9,2,0,0,7,2,1,4,2,0,1,0,1,0,1,0.223,0.278,0.33,0.609,5,12,R,R.Feltner(63)
577,32,May 1,True,COL,"W,4-1",37,31,4,7,1,0,0,4,5,0,2,1,0,0,0,0,1,0,0.223,0.281,0.328,0.609,9,12,R,D.Hudson(51)
578,33,May 2,True,COL,"W,5-4",41,36,5,9,1,0,1,5,4,0,8,0,0,1,0,1,1,0,0.224,0.282,0.329,0.611,8,12,R,P.Lambert(34)
579,34,May 3,False,OAK,"L,1-3",36,33,1,7,2,1,0,1,2,0,10,1,0,0,0,1,2,0,0.223,0.282,0.33,0.611,8,12,L,J.Sears(70)
580,35,May 4,False,OAK,"L,4-20",35,33,4,7,3,0,2,4,2,0,4,0,0,0,0,1,0,0,0.223,0.281,0.334,0.615,4,13,R,P.Blackburn(67)
581,36,May 5,False,OAK,"W,12-3",45,39,12,14,3,0,1,12,5,0,8,1,0,0,0,1,3,1,0.228,0.287,0.34,0.626,6,10,R,J.Boyle(33)
582,37,May 6,False,LAD,"L,3-6",34,33,3,7,1,0,1,3,0,0,8,1,0,0,1,1,1,1,0.227,0.285,0.339,0.625,4,11,R,W.Buehler(42)
583,38,May 7,False,LAD,"L,2-8",33,33,2,6,1,0,2,2,0,0,6,0,0,0,0,0,0,0,0.226,0.283,0.341,0.624,4,9,R,Y.Yamamoto(69)
584,39,May 8,False,LAD,"L,1-3",32,32,1,6,0,0,1,1,0,0,6,0,0,0,0,1,0,0,0.225,0.281,0.339,0.62,4,9,R,G.Stone(65)
585,40,May 10,True,PHI,"L,2-8",34,31,2,5,4,0,0,2,3,0,11,0,0,0,0,1,0,0,0.224,0.28,0.338,0.618,5,10,L,R.Suárez(78)
586,41,May 11,True,PHI,"L,3-8",37,35,3,11,1,0,2,3,1,0,8,1,0,0,0,0,0,2,0.226,0.282,0.343,0.624,7,9,R,T.Walker(55)
587,42,May 12,True,PHI,"W,7-6",41,33,7,8,2,1,1,7,5,1,9,2,1,0,0,1,0,0,0.226,0.284,0.345,0.629,8,13,R,Z.Wheeler(25)
588,43,May 13,False,DET,"L,5-6",38,37,5,12,2,0,1,5,1,0,11,0,0,0,0,1,1,0,0.229,0.285,0.348,0.634,6,10,R,M.Manning(43)
589,44,May 14,False,DET,"W,1-0",32,32,1,4,0,0,0,1,0,0,8,0,0,0,0,1,0,1,0.227,0.282,0.343,0.626,2,12,R,R.Olson(82)
590,45,May 15,False,DET,"W,2-0",33,31,2,4,0,0,1,2,2,0,8,0,0,0,0,0,0,0,0.225,0.28,0.341,0.621,4,12,R,C.Mize(65)
591,46,May 17,True,NYM,"W,8-0",41,34,8,13,2,0,1,7,4,0,8,1,0,2,1,1,0,0,0.228,0.284,0.345,0.629,9,11,R,C.Scott(34)
592,47,May 18,True,NYM,"W,10-9",43,40,10,13,3,0,2,10,3,0,6,0,0,0,0,1,0,0,0.23,0.286,0.35,0.637,6,11,R,L.Severino(42)
593,48,May 19,True,NYM,"L,3-7",37,34,3,8,1,0,2,3,2,0,11,1,0,0,0,0,0,1,0.231,0.286,0.352,0.639,7,11,L,S.Manaea(52)
594,49,May 20,True,MIL,"W,3-2",39,30,3,7,0,0,0,3,6,2,4,1,2,0,0,2,4,0,0.231,0.288,0.35,0.638,9,11,R,J.Ross(50)
595,50,May 21,True,MIL,"L,5-7",40,35,5,12,1,0,0,5,0,0,7,2,1,2,1,2,0,0,0.233,0.29,0.351,0.64,8,12,L,R.Gasser(34)
596,51,May 22,True,MIL,"W,1-0",28,27,1,4,0,0,1,1,1,0,7,0,0,0,0,0,0,1,0.232,0.288,0.349,0.637,3,10,R,F.Peralta(71)
597,52,May 24,False,ARI,"W,3-0",34,32,3,9,1,0,1,3,1,0,5,1,0,0,0,2,0,2,0.232,0.289,0.35,0.639,4,10,R,Z.Gallen(53)
598,53,May 25,False,ARI,"L,2-3",37,36,2,11,4,0,0,2,1,0,8,0,0,0,0,0,0,1,0.234,0.289,0.352,0.641,8,11,L,J.Montgomery(49)
599,54,May 26,False,ARI,"W,3-1",41,37,3,9,1,0,0,2,2,0,10,2,0,0,0,0,0,0,0.234,0.29,0.35,0.64,11,11,L,B.Walston(59)
600,55,May 27,False,SDP,"L,1-2",33,31,1,4,3,0,1,1,2,0,11,0,0,0,0,0,1,0,0.232,0.288,0.349,0.638,5,10,R,M.King(63)
601,56,May 28,False,SDP,"L,0-4",33,33,0,6,1,0,0,0,0,0,11,0,0,0,0,0,0,0,0.232,0.287,0.347,0.634,6,9,R,M.Waldron(73)
602,57,May 29,False,SDP,"W,9-1",46,44,9,16,2,1,1,8,2,0,6,0,0,0,1,0,3,0,0.235,0.289,0.351,0.64,10,11,R,Y.Darvish(38)
603,58,May 31,True,TEX,"W,8-2",39,34,8,12,2,0,2,8,4,1,4,0,0,1,1,1,2,1,0.237,0.291,0.355,0.646,7,9,R,J.Ureña(36)
604,59,Jun 1,True,TEX,"L,0-7",35,32,0,7,1,0,0,0,3,0,12,0,0,0,0,2,0,0,0.236,0.291,0.353,0.644,8,11,R,M.Lorenzen(68)
605,60,Jun 2,True,TEX,"L,0-6",32,32,0,7,0,0,0,0,0,0,11,0,0,0,0,2,0,0,0.236,0.29,0.351,0.641,5,11,L,A.Heaney(71)
606,61,Jun 4,True,TBR,"L,5-9",40,39,5,12,1,1,1,5,0,0,12,0,0,1,1,0,0,0,0.237,0.29,0.353,0.644,8,10,R,R.Pepiot(56)
607,62,Jun 5,True,TBR,"L,3-5",35,34,3,7,1,0,0,3,0,0,6,1,0,0,0,0,0,0,0.237,0.289,0.351,0.641,5,11,R,Z.Eflin(51)
608,63,Jun 7,True,CLE,"W,3-2",34,31,3,7,2,0,2,3,3,0,4,0,0,0,0,0,1,0,0.237,0.289,0.353,0.643,7,10,L,L.Allen(56)
609,64,Jun 8,True,CLE,"L,0-8",33,31,0,4,1,0,0,0,2,0,9,0,0,0,0,0,0,0,0.235,0.288,0.351,0.638,6,11,R,B.Lively(62)
610,65,Jun 9,True,CLE,"L,3-6",32,32,3,5,2,0,2,3,0,0,9,0,0,0,0,0,0,0,0.234,0.286,0.351,0.637,2,12,R,C.Carrasco(51)
611,66,Jun 11,False,NYM,"W,4-2",36,32,4,6,2,0,0,4,2,0,13,1,0,1,0,0,1,0,0.233,0.285,0.35,0.635,5,10,R,T.Megill(48)
612,67,Jun 12,False,NYM,"L,4-10",37,35,4,9,3,0,0,4,2,0,8,0,0,0,0,1,0,0,0.234,0.286,0.35,0.635,6,12,L,D.Peterson(34)
613,68,Jun 13,False,NYM,"L,2-3",36,33,2,8,1,0,2,2,3,0,7,0,0,0,0,1,1,1,0.234,0.286,0.351,0.637,7,10,R,L.Severino(53)
614,69,Jun 14,False,WSN,"L,1-8",37,34,1,7,1,0,0,1,2,0,11,1,0,0,0,1,0,0,0.233,0.286,0.35,0.635,9,12,L,M.Gore(72)
615,70,Jun 15,False,WSN,"L,0-4",32,31,0,4,0,1,0,0,1,0,17,0,0,0,0,0,0,0,0.232,0.284,0.348,0.632,5,13,L,D.Herz(83)
616,71,Jun 16,False,WSN,"L,1-3",36,36,1,8,2,0,0,1,0,0,7,0,0,0,1,0,0,0,0.232,0.283,0.347,0.63,8,12,L,M.Parker(60)
617,72,Jun 17,True,STL,"L,6-7",44,38,6,8,1,2,1,6,4,1,6,0,2,0,0,2,0,1,0.232,0.283,0.348,0.631,5,13,R,S.Gray(63)
618,73,Jun 18,True,STL,"W,9-8",45,43,9,15,1,0,2,9,0,0,9,0,0,2,1,0,1,0,0.234,0.284,0.351,0.635,8,11,R,L.Lynn(31)
619,74,Jun 19,True,STL,"W,4-3",35,32,4,8,1,0,2,4,2,0,5,0,0,1,0,1,0,0,0.234,0.284,0.352,0.636,5,11,L,M.Liberatore(47)
620,75,Jun 21,True,SEA,"W,3-2",33,33,3,7,1,0,2,3,0,0,7,0,0,0,0,0,0,1,0.234,0.283,0.353,0.636,4,9,R,G.Kirby(64)
621,76,Jun 22,True,SEA,"L,0-9",31,30,0,4,2,0,0,0,1,0,8,0,0,0,2,3,0,0,0.232,0.282,0.351,0.633,4,12,R,L.Gilbert(79)
622,77,Jun 23,True,SEA,"W,6-4",33,29,6,7,1,0,2,6,3,0,9,0,1,0,0,0,0,2,0.232,0.282,0.353,0.635,3,10,R,B.Miller(28)
623,78,Jun 24,False,KCR,"L,1-4",35,32,1,4,2,0,0,1,3,0,15,0,0,0,1,0,0,0,0.231,0.281,0.351,0.632,7,10,L,C.Ragans(68)
624,79,Jun 25,False,KCR,"W,2-1",36,34,2,7,2,0,0,1,2,0,10,0,0,0,0,0,2,0,0.231,0.281,0.35,0.63,7,10,R,S.Lugo(74)
625,80,Jun 26,False,KCR,"L,1-5",32,31,1,5,2,0,0,1,1,0,6,0,0,0,0,0,0,1,0.23,0.28,0.348,0.628,4,9,R,B.Singer(68)
626,81,Jun 27,False,PHI,"W,7-4",42,38,7,13,3,0,1,6,2,0,9,2,0,0,0,2,1,0,0.232,0.282,0.35,0.632,8,11,R,Z.Wheeler(55)
627,82,Jun 28,False,PHI,"L,0-2",29,29,0,3,0,0,0,0,0,0,9,0,0,0,0,0,0,0,0.23,0.28,0.348,0.628,2,9,L,C.Sánchez(90)
628,83,Jun 29,False,PHI,"W,3-2",35,35,3,8,2,0,1,3,0,0,12,0,0,0,1,0,0,1,0.23,0.279,0.348,0.627,5,10,R,A.Nola(59)
629,84,Jun 30,False,PHI,"L,6-7",43,39,6,12,5,0,1,6,3,0,6,0,0,0,1,0,0,1,0.231,0.28,0.35,0.631,10,11,L,R.Suárez(18)
630,85,Jul 2,True,BOS,"L,3-8",34,34,3,7,0,0,2,3,0,0,9,0,0,0,0,0,0,0,0.231,0.279,0.351,0.63,4,9,R,K.Crawford(69)
631,86,Jul 3,True,BOS,"L,2-7",36,34,2,9,1,0,0,2,1,0,9,0,0,1,0,1,0,0,0.231,0.279,0.35,0.629,7,9,R,B.Bello(62)
632,87,Jul 4,True,BOS,"L,5-6",48,41,5,8,1,1,1,5,6,2,15,0,0,1,0,0,1,1,0.231,0.28,0.35,0.63,10,12,R,N.Pivetta(83)
633,88,Jul 5,True,CHW,"L,2-3",39,35,2,7,2,0,0,2,4,0,8,0,0,0,1,0,3,0,0.231,0.28,0.349,0.628,10,11,R,D.Thorpe(66)
634,89,Jul 6,True,CHW,"W,4-3",37,32,4,9,0,0,1,4,4,0,9,1,0,0,0,0,0,1,0.231,0.281,0.349,0.63,9,10,L,G.Crochet(46)
635,90,Jul 7,True,CHW,"W,7-4",40,32,7,7,4,0,1,7,7,1,4,0,1,0,1,0,1,1,0.231,0.282,0.35,0.632,7,11,R,J.Cannon(61)
636,91,Jul 9,False,HOU,"L,3-4",34,32,3,6,0,0,2,3,2,0,10,0,0,0,0,1,1,0,0.23,0.281,0.35,0.631,4,11,R,R.Blanco(67)
637,92,Jul 10,False,HOU,"L,1-9",31,30,1,6,0,0,0,1,1,0,14,0,0,0,0,3,0,0,0.23,0.281,0.349,0.63,3,11,L,F.Valdez(70)
638,93,Jul 11,False,HOU,"L,3-6",39,37,3,11,2,0,2,3,1,0,13,0,0,0,0,1,1,0,0.231,0.281,0.351,0.632,9,10,R,J.Bloss(49)
639,94,Jul 12,False,CIN,"L,4-7",38,37,4,11,2,0,1,4,1,0,11,0,0,0,1,2,0,0,0.232,0.281,0.352,0.633,7,9,R,C.Spiers(52)
640,95,Jul 13,False,CIN,"L,6-10",47,43,6,15,2,0,2,6,4,0,11,0,0,0,0,0,2,0,0.233,0.283,0.354,0.637,14,11,L,A.Abbott(28)
641,96,Jul 14,False,CIN,"W,3-2",38,33,3,9,2,0,0,3,4,0,8,0,1,0,0,1,2,1,0.234,0.284,0.354,0.638,8,11,L,N.Lodolo(50)
642,97,Jul 19,True,NYM,"W,6-4",37,33,6,10,2,0,1,6,3,0,6,0,0,1,0,0,2,0,0.234,0.285,0.355,0.64,7,9,L,S.Manaea(31)
643,98,Jul 20,True,NYM,"L,0-1",37,31,0,4,0,0,0,0,4,0,13,1,1,0,0,0,0,0,0.233,0.284,0.353,0.637,10,10,R,L.Severino(72)
644,99,Jul 21,True,NYM,"W,4-2",36,30,4,9,1,0,2,4,4,0,7,1,1,0,0,1,1,1,0.234,0.285,0.354,0.64,8,11,R,C.Scott(38)
645,100,Jul 22,True,NYM,"L,4-6",40,33,4,9,2,0,2,4,6,0,8,1,0,0,0,0,2,0,0.234,0.287,0.356,0.643,9,11,L,D.Peterson(47)
